cos(x) / sin(a)^x, 3.0, -12, 12, 0.01, 
-12.0, 5.263479963879517E-11
-11.99, 5.333171781828671E-11
-11.98, 5.403017805236249E-11
-11.97, 5.4729897586586756E-11
-11.96, 5.5430581752508436E-11
-11.950000000000001, 5.613192363708972E-11
-11.940000000000001, 5.683360374496836E-11
-11.930000000000001, 5.753528965343387E-11
-11.920000000000002, 5.823663565999675E-11
-11.910000000000002, 5.893728242242867E-11
-11.900000000000002, 5.963685659115037E-11
-11.890000000000002, 6.033497043384288E-11
-11.880000000000003, 6.103122145215637E-11
-11.870000000000003, 6.172519199039039E-11
-11.860000000000003, 6.241644883601724E-11
-11.850000000000003, 6.310454281191999E-11
-11.840000000000003, 6.378900836021515E-11
-11.830000000000004, 6.446936311752901E-11
-11.820000000000004, 6.514510748159584E-11
-11.810000000000004, 6.581572416904485E-11
-11.800000000000004, 6.648067776424204E-11
-11.790000000000004, 6.713941425905231E-11
-11.780000000000005, 6.779136058338574E-11
-11.770000000000005, 6.843592412639164E-11
-11.760000000000005, 6.907249224816281E-11
-11.750000000000005, 6.970043178181185E-11
-11.740000000000006, 7.031908852578011E-11
-11.730000000000006, 7.092778672624007E-11
-11.720000000000006, 7.152582854944991E-11
-11.710000000000006, 7.211249354391977E-11
-11.700000000000006, 7.26870380922475E-11
-11.690000000000007, 7.324869485248181E-11
-11.680000000000007, 7.37966721888697E-11
-11.670000000000007, 7.433015359184505E-11
-11.660000000000007, 7.484829708711458E-11
-11.650000000000007, 7.535023463369691E-11
-11.640000000000008, 7.583507151077034E-11
-11.630000000000008, 7.630188569318482E-11
-11.620000000000008, 7.6749727215493E-11
-11.610000000000008, 7.717761752435546E-11
-11.600000000000009, 7.75845488191751E-11
-11.590000000000009, 7.796948338081549E-11
-11.580000000000009, 7.833135288825838E-11
-11.57000000000001, 7.866905772305538E-11
-11.56000000000001, 7.898146626142934E-11
-11.55000000000001, 7.926741415388112E-11
-11.54000000000001, 7.952570359215787E-11
-11.53000000000001, 7.975510256343946E-11
-11.52000000000001, 7.995434409160005E-11
-11.51000000000001, 8.012212546540301E-11
-11.50000000000001, 8.025710745348756E-11
-11.49000000000001, 8.03579135060066E-11
-11.480000000000011, 8.042312894277622E-11
-11.470000000000011, 8.045130012779852E-11
-11.460000000000012, 8.044093363002029E-11
-11.450000000000012, 8.039049537019167E-11
-11.440000000000012, 8.029840975369015E-11
-11.430000000000012, 8.016305878917705E-11
-11.420000000000012, 7.998278119295478E-11
-11.410000000000013, 7.975587147889587E-11
-11.400000000000013, 7.948057903381563E-11
-11.390000000000013, 7.915510717816328E-11
-11.380000000000013, 7.877761221190802E-11
-11.370000000000013, 7.834620244549938E-11
-11.360000000000014, 7.785893721578307E-11
-11.350000000000014, 7.731382588675706E-11
-11.340000000000014, 7.670882683505464E-11
-11.330000000000014, 7.60418464200449E-11
-11.320000000000014, 7.531073793844383E-11
-11.310000000000015, 7.451330056333293E-11
-11.300000000000015, 7.364727826748544E-11
-11.290000000000015, 7.271035873090441E-11
-11.280000000000015, 7.170017223248058E-11
-11.270000000000016, 7.061429052568214E-11
-11.260000000000016, 6.945022569819304E-11
-11.250000000000016, 6.82054290154209E-11
-11.240000000000016, 6.687728974780033E-11
-11.230000000000016, 6.546313398182281E-11
-11.220000000000017, 6.396022341472914E-11
-11.210000000000017, 6.23657541328062E-11
-11.200000000000017, 6.067685537323568E-11
-11.190000000000017, 5.889058826944794E-11
-11.180000000000017, 5.700394457994095E-11
-11.170000000000018, 5.501384540053067E-11
-11.160000000000018, 5.291713986000582E-11
-11.150000000000018, 5.07106037991672E-11
-11.140000000000018, 4.839093843323952E-11
-11.130000000000019, 4.595476899765076E-11
-11.120000000000019, 4.339864337718246E-11
-11.110000000000019, 4.071903071850274E-11
-11.10000000000002, 3.791232002610225E-11
-11.09000000000002, 3.4974818741662434E-11
-11.08000000000002, 3.1902751306894766E-11
-11.07000000000002, 2.8692257709899317E-11
-11.06000000000002, 2.5339392015101072E-11
-11.05000000000002, 2.1840120876832808E-11
-11.04000000000002, 1.8190322036644255E-11
-11.03000000000002, 1.4385782804428376E-11
-11.020000000000021, 1.0422198523467161E-11
-11.010000000000021, 6.29517101951155E-12
-11.000000000000021, 2.0002070340223363E-12
-10.990000000000022, -2.4672833582881315E-12
-10.980000000000022, -7.111988347460288E-12
-10.970000000000022, -1.193869600167083E-11
-10.960000000000022, -1.695229589581418E-11
-10.950000000000022, -2.2157780755086002E-11
-10.940000000000023, -2.756024811335774E-11
-10.930000000000023, -3.316490198611522E-11
-10.920000000000023, -3.8977054557718356E-11
-10.910000000000023, -4.5002127882722075E-11
-10.900000000000023, -5.1245655600981246E-11
-10.890000000000024, -5.771328466624469E-11
-10.880000000000024, -6.441077708792475E-11
-10.870000000000024, -7.134401168571E-11
-10.860000000000024, -7.851898585666891E-11
-10.850000000000025, -8.594181735447237E-11
-10.840000000000025, -9.361874608034166E-11
-10.830000000000025, -1.0155613588530748E-10
-10.820000000000025, -1.0976047638334321E-10
-10.810000000000025, -1.1823838477491264E-10
-10.800000000000026, -1.2699660768044946E-10
-10.790000000000026, -1.360420229832609E-10
-10.780000000000026, -1.4538164168132376E-10
-10.770000000000026, -1.5502260974741465E-10
-10.760000000000026, -1.6497220999699033E-10
-10.750000000000027, -1.7523786396320733E-10
-10.740000000000027, -1.8582713377844074E-10
-10.730000000000027, -1.9674772406163475E-10
-10.720000000000027, -2.080074838107875E-10
-10.710000000000027, -2.1961440829984154E-10
-10.700000000000028, -2.3157664097922134E-10
-10.690000000000028, -2.439024753792269E-10
-10.680000000000028, -2.566003570154578E-10
-10.670000000000028, -2.696788852954108E-10
-10.660000000000029, -2.8314681542535693E-10
-10.650000000000029, -2.970130603165702E-10
-10.640000000000029, -3.1128669248994073E-10
-10.63000000000003, -3.259769459779701E-10
-10.62000000000003, -3.4109321822310663E-10
-10.61000000000003, -3.5664507197133706E-10
-10.60000000000003, -3.726422371599138E-10
-10.59000000000003, -3.890946127980512E-10
-10.58000000000003, -4.060122688393828E-10
-10.57000000000003, -4.2340544804492955E-10
-10.56000000000003, -4.412845678352784E-10
-10.550000000000031, -4.596602221306293E-10
-10.540000000000031, -4.785431831773185E-10
-10.530000000000031, -4.979444033593772E-10
-10.520000000000032, -5.178750169936355E-10
-10.510000000000032, -5.383463421068275E-10
-10.500000000000032, -5.59369882193106E-10
-10.490000000000032, -5.809573279503141E-10
-10.480000000000032, -6.031205589933119E-10
-10.470000000000033, -6.258716455425963E-10
-10.460000000000033, -6.492228500863944E-10
-10.450000000000033, -6.731866290143523E-10
-10.440000000000033, -6.977756342208783E-10
-10.430000000000033, -7.23002714676139E-10
-10.420000000000034, -7.488809179626426E-10
-10.410000000000034, -7.754234917752749E-10
-10.400000000000034, -8.026438853825899E-10
-10.390000000000034, -8.305557510470909E-10
-10.380000000000035, -8.591729454021557E-10
-10.370000000000035, -8.885095307832038E-10
-10.360000000000035, -9.185797765106172E-10
-10.350000000000035, -9.493981601218562E-10
-10.340000000000035, -9.809793685501343E-10
-10.330000000000036, -1.0133382992469346E-9
-10.320000000000036, -1.046490061245576E-9
-10.310000000000036, -1.0804499761629451E-9
-10.300000000000036, -1.1152335791364322E-9
-10.290000000000036, -1.150856619693024E-9
-10.280000000000037, -1.1873350625474095E-9
-10.270000000000037, -1.2246850883258788E-9
-10.260000000000037, -1.2629230942126819E-9
-10.250000000000037, -1.3020656945154463E-9
-10.240000000000038, -1.3421297211461295E-9
-10.230000000000038, -1.3831322240139023E-9
-10.220000000000038, -1.4250904713262517E-9
-10.210000000000038, -1.4680219497944846E-9
-10.200000000000038, -1.5119443647397203E-9
-10.190000000000039, -1.5568756400953358E-9
-10.180000000000039, -1.6028339183017362E-9
-10.170000000000039, -1.6498375600891954E-9
-10.16000000000004, -1.6979051441444053E-9
-10.15000000000004, -1.7470554666562542E-9
-10.14000000000004, -1.7973075407362355E-9
-10.13000000000004, -1.8486805957087607E-9
-10.12000000000004, -1.9011940762665357E-9
-10.11000000000004, -1.954867641486027E-9
-10.10000000000004, -2.0097211636979086E-9
-10.09000000000004, -2.0657747272072664E-9
-10.080000000000041, -2.1230486268581752E-9
-10.070000000000041, -2.181563366437158E-9
-10.060000000000041, -2.2413396569098627E-9
-10.050000000000042, -2.3023984144851705E-9
-10.040000000000042, -2.3647607585008113E-9
-10.030000000000042, -2.4284480091243717E-9
-10.020000000000042, -2.493481684863481E-9
-10.010000000000042, -2.5598834998787716E-9
-10.000000000000043, -2.6276753610930577E-9
-9.990000000000043, -2.6968793650900252E-9
-9.980000000000043, -2.767517794795552E-9
-9.970000000000043, -2.8396131159346105E-9
-9.960000000000043, -2.9131879732565445E-9
-9.950000000000044, -2.9882651865213146E-9
-9.940000000000044, -3.0648677462391664E-9
-9.930000000000044, -3.1430188091559474E-9
-9.920000000000044, -3.222741693476166E-9
-9.910000000000045, -3.30405987381565E-9
-9.900000000000045, -3.38699697587551E-9
-9.890000000000045, -3.471576770828892E-9
-9.880000000000045, -3.557823169411822E-9
-9.870000000000045, -3.6457602157092357E-9
-9.860000000000046, -3.735412080627074E-9
-9.850000000000046, -3.826803055041143E-9
-9.840000000000046, -3.919957542613183E-9
-9.830000000000046, -4.014900052264419E-9
-9.820000000000046, -4.1116551902966015E-9
-9.810000000000047, -4.2102476521503665E-9
-9.800000000000047, -4.310702213790468E-9
-9.790000000000047, -4.413043722707243E-9
-9.780000000000047, -4.517297088523418E-9
-9.770000000000048, -4.6234872731951156E-9
-9.760000000000048, -4.731639280795691E-9
-9.750000000000048, -4.841778146870776E-9
-9.740000000000048, -4.9539289273526424E-9
-9.730000000000048, -5.068116687021764E-9
-9.720000000000049, -5.184366487503166E-9
-9.710000000000049, -5.3027033747849055E-9
-9.700000000000049, -5.4231523662457575E-9
-9.69000000000005, -5.545738437178889E-9
-9.68000000000005, -5.670486506798035E-9
-9.67000000000005, -5.797421423712418E-9
-9.66000000000005, -5.926567950856337E-9
-9.65000000000005, -6.057950749859095E-9
-9.64000000000005, -6.191594364840601E-9
-9.63000000000005, -6.327523205617698E-9
-9.62000000000005, -6.465761530305978E-9
-9.610000000000051, -6.606333427301499E-9
-9.600000000000051, -6.749262796626521E-9
-9.590000000000051, -6.894573330623072E-9
-9.580000000000052, -7.042288493977801E-9
-9.570000000000052, -7.19243150306126E-9
-9.560000000000052, -7.345025304564418E-9
-9.550000000000052, -7.500092553414883E-9
-9.540000000000052, -7.65765558995493E-9
-9.530000000000053, -7.817736416363123E-9
-9.520000000000053, -7.980356672300933E-9
-9.510000000000053, -8.145537609765404E-9
-9.500000000000053, -8.313300067128557E-9
-9.490000000000054, -8.483664442343868E-9
-9.480000000000054, -8.656650665299716E-9
-9.470000000000054, -8.832278169299417E-9
-9.460000000000054, -9.010565861646966E-9
-9.450000000000054, -9.191532093317322E-9
-9.440000000000055, -9.375194627689587E-9
-9.430000000000055, -9.561570608321083E-9
-9.420000000000055, -9.750676525739904E-9
-9.410000000000055, -9.942528183233112E-9
-9.400000000000055, -1.0137140661607337E-8
-9.390000000000056, -1.0334528282898092E-8
-9.380000000000056, -1.053470457300374E-8
-9.370000000000056, -1.0737682223219552E-8
-9.360000000000056, -1.0943473050646898E-8
-9.350000000000056, -1.1152087957452194E-8
-9.340000000000057, -1.1363536888949686E-8
-9.330000000000057, -1.1577828790481822E-8
-9.320000000000057, -1.1794971563070439E-8
-9.310000000000057, -1.2014972017811463E-8
-9.300000000000058, -1.223783582898554E-8
-9.290000000000058, -1.2463567485856321E-8
-9.280000000000058, -1.2692170243127829E-8
-9.270000000000058, -1.292364607003171E-8
-9.260000000000058, -1.3157995598014811E-8
-9.250000000000059, -1.339521806699691E-8
-9.240000000000059, -1.363531127016805E-8
-9.230000000000059, -1.3878271497294293E-8
-9.22000000000006, -1.4124093476500328E-8
-9.21000000000006, -1.4372770314496794E-8
-9.20000000000006, -1.4624293435219612E-8
-9.19000000000006, -1.487865251684824E-8
-9.18000000000006, -1.513583542716909E-8
-9.17000000000006, -1.5395828157249886E-8
-9.16000000000006, -1.5658614753390246E-8
-9.15000000000006, -1.5924177247313144E-8
-9.140000000000061, -1.61924955845614E-8
-9.130000000000061, -1.6463547551062886E-8
-9.120000000000061, -1.6737308697827394E-8
-9.110000000000062, -1.7013752263737763E-8
-9.100000000000062, -1.7292849096397206E-8
-9.090000000000062, -1.7574567570994132E-8
-9.080000000000062, -1.7858873507145423E-8
-9.070000000000062, -1.8145730083678298E-8
-9.060000000000063, -1.8435097751310545E-8
-9.050000000000063, -1.8726934143188126E-8
-9.040000000000063, -1.9021193983238784E-8
-9.030000000000063, -1.9317828992299544E-8
-9.020000000000064, -1.961678779197552E-8
-9.010000000000064, -1.9918015806186724E-8
-9.000000000000064, -2.022145516035924E-8
-8.990000000000064, -2.0527044578216182E-8
-8.980000000000064, -2.083471927612361E-8
-8.970000000000065, -2.114441085494576E-8
-8.960000000000065, -2.145604718936346E-8
-8.950000000000065, -2.1769552314608897E-8
-8.940000000000065, -2.208484631056956E-8
-8.930000000000065, -2.2401845183213228E-8
-8.920000000000066, -2.2720460743285545E-8
-8.910000000000066, -2.3040600482231126E-8
-8.900000000000066, -2.3362167445288335E-8
-8.890000000000066, -2.3685060101707497E-8
-8.880000000000067, -2.4009172212041657E-8
-8.870000000000067, -2.433439269245831E-8
-8.860000000000067, -2.4660605476020103E-8
-8.850000000000067, -2.4987689370881782E-8
-8.840000000000067, -2.5315517915350123E-8
-8.830000000000068, -2.5643959229753086E-8
-8.820000000000068, -2.5972875865063672E-8
-8.810000000000068, -2.6302124648223597E-8
-8.800000000000068, -2.6631556524111163E-8
-8.790000000000068, -2.6961016394097227E-8
-8.780000000000069, -2.7290342951132616E-8
-8.770000000000069, -2.7619368511309694E-8
-8.760000000000069, -2.7947918841840377E-8
-8.75000000000007, -2.8275812985392217E-8
-8.74000000000007, -2.8602863080723726E-8
-8.73000000000007, -2.8928874179559553E-8
-8.72000000000007, -2.9253644059645636E-8
-8.71000000000007, -2.9576963033923867E-8
-8.70000000000007, -2.989861375576543E-8
-8.69000000000007, -3.0218371020201394E-8
-8.68000000000007, -3.0536001561088613E-8
-8.670000000000071, -3.085126384414876E-8
-8.660000000000071, -3.116390785581748E-8
-8.650000000000071, -3.147367488784062E-8
-8.640000000000072, -3.17802973175537E-8
-8.630000000000072, -3.208349838378071E-8
-8.620000000000072, -3.238299195828758E-8
-8.610000000000072, -3.267848231272557E-8
-8.600000000000072, -3.2969663880999265E-8
-8.590000000000073, -3.325622101699375E-8
-8.580000000000073, -3.3537827747594753E-8
-8.570000000000073, -3.381414752093585E-8
-8.560000000000073, -3.4084832949805986E-8
-8.550000000000074, -3.434952555015065E-8
-8.540000000000074, -3.460785547459954E-8
-8.530000000000074, -3.485944124095362E-8
-8.520000000000074, -3.510388945556393E-8
-8.510000000000074, -3.534079453153457E-8
-8.500000000000075, -3.5569738401682164E-8
-8.490000000000075, -3.579029022618369E-8
-8.480000000000075, -3.600200609484482E-8
-8.470000000000075, -3.620442872392069E-8
-8.460000000000075, -3.639708714742082E-8
-8.450000000000076, -3.657949640283034E-8
-8.440000000000076, -3.675115721117924E-8
-8.430000000000076, -3.6911555651391696E-8
-8.420000000000076, -3.7060162828847594E-8
-8.410000000000077, -3.7196434538088457E-8
-8.400000000000077, -3.731981091960022E-8
-8.390000000000077, -3.7429716110605424E-8
-8.380000000000077, -3.752555788979783E-8
-8.370000000000077, -3.760672731595256E-8
-8.360000000000078, -3.767259836034541E-8
-8.350000000000078, -3.7722527532915184E-8
-8.340000000000078, -3.775585350210359E-8
-8.330000000000078, -3.777189670830747E-8
-8.320000000000078, -3.776995897087892E-8
-8.310000000000079, -3.7749323088609225E-8
-8.300000000000079, -3.770925243363345E-8
-8.290000000000079, -3.764899053869311E-8
-8.28000000000008, -3.756776067769489E-8
-8.27000000000008, -3.7464765439504835E-8
-8.26000000000008, -3.733918629491767E-8
-8.25000000000008, -3.7190183156742136E-8
-8.24000000000008, -3.701689393294456E-8
-8.23000000000008, -3.681843407279334E-8
-8.22000000000008, -3.659389610594885E-8
-8.21000000000008, -3.6342349174444064E-8
-8.200000000000081, -3.606283855750283E-8
-8.190000000000081, -3.575438518914375E-8
-8.180000000000081, -3.541598516851972E-8
-8.170000000000082, -3.504660926294402E-8
-8.160000000000082, -3.4645202403556144E-8
-8.150000000000082, -3.421068317358186E-8
-8.140000000000082, -3.374194328914418E-8
-8.130000000000082, -3.323784707258343E-8
-8.120000000000083, -3.269723091824722E-8
-8.110000000000083, -3.211890275071262E-8
-8.100000000000083, -3.1501641475405594E-8
-8.090000000000083, -3.084419642158478E-8
-8.080000000000084, -3.014528677765931E-8
-8.070000000000084, -2.940360101881285E-8
-8.060000000000084, -2.861779632690881E-8
-8.050000000000084, -2.77864980026543E-8
-8.040000000000084, -2.6908298870003664E-8
-8.030000000000085, -2.5981758672785028E-8
-8.020000000000085, -2.500540346353691E-8
-8.010000000000085, -2.3977724984544957E-8
-8.000000000000085, -2.2897180041072516E-8
-7.9900000000000855, -2.1762189866782163E-8
-7.980000000000086, -2.0571139481349234E-8
-7.970000000000086, -1.9322377040272192E-8
-7.960000000000086, -1.8014213176888663E-8
-7.950000000000086, -1.6644920336610293E-8
-7.9400000000000865, -1.521273210339385E-8
-7.930000000000087, -1.3715842518470494E-8
-7.920000000000087, -1.2152405391359978E-8
-7.910000000000087, -1.0520533603201196E-8
-7.900000000000087, -8.818298402435747E-9
-7.890000000000088, -7.043728692886277E-9
-7.880000000000088, -5.194810314276853E-9
-7.870000000000088, -3.2694853152481914E-9
-7.860000000000088, -1.2656512189264026E-9
-7.8500000000000885, 8.188397188900735E-10
-7.840000000000089, 2.986181258854472E-9
-7.830000000000089, 5.2386139344293035E-9
-7.820000000000089, 7.578425815393591E-9
-7.810000000000089, 1.0007953278408871E-8
-7.8000000000000895, 1.2529581784546006E-8
-7.79000000000009, 1.514574666366747E-8
-7.78000000000009, 1.7858933905552273E-8
-7.77000000000009, 2.0671680957642707E-8
-7.76000000000009, 2.3586577529284166E-8
-7.750000000000091, 2.6606266402320866E-8
-7.740000000000091, 2.9733444247901677E-8
-7.730000000000091, 3.297086244934138E-8
-7.720000000000091, 3.63213279308736E-8
-7.7100000000000914, 3.978770399212213E-8
-7.700000000000092, 4.337291114810753E-8
-7.690000000000092, 4.707992797459617E-8
-7.680000000000092, 5.091179195858809E-8
-7.670000000000092, 5.48716003537298E-8
-7.6600000000000925, 5.896251104042697E-8
-7.650000000000093, 6.318774339042056E-8
-7.640000000000093, 6.75505791355786E-8
-7.630000000000093, 7.205436324064357E-8
-7.620000000000093, 7.67025047796631E-8
-7.610000000000094, 8.149847781581907E-8
-7.600000000000094, 8.644582228435691E-8
-7.590000000000094, 9.154814487830401E-8
-7.580000000000094, 9.680911993665159E-8
-7.570000000000094, 1.0223249033466062E-7
-7.560000000000095, 1.0782206837593782E-7
-7.550000000000095, 1.1358173668591281E-7
-7.540000000000095, 1.195154491063312E-7
-7.530000000000095, 1.2562723159036418E-7
-7.5200000000000955, 1.3192118309791694E-7
-7.510000000000096, 1.3840147649070334E-7
-7.500000000000096, 1.4507235942663562E-7
-7.490000000000096, 1.5193815525306118E-7
-7.480000000000096, 1.590032638983598E-7
-7.470000000000097, 1.6627216276139662E-7
-7.460000000000097, 1.7374940759830588E-7
-7.450000000000097, 1.81439633406063E-7
-7.440000000000097, 1.8934755530227973E-7
-7.430000000000097, 1.9747796940063857E-7
-7.420000000000098, 2.0583575368136084E-7
-7.410000000000098, 2.1442586885607986E-7
-7.400000000000098, 2.232533592264708E-7
-7.390000000000098, 2.3232335353596356E-7
-7.3800000000000985, 2.4164106581384274E-7
-7.370000000000099, 2.5121179621101464E-7
-7.360000000000099, 2.6104093182669643E-7
-7.350000000000099, 2.71133947525257E-7
-7.340000000000099, 2.8149640674241433E-7
-7.3300000000000995, 2.9213396227996533E-7
-7.3200000000001, 3.030523570882003E-7
-7.3100000000001, 3.1425742503512205E-7
-7.3000000000001, 3.25755091661566E-7
-7.2900000000001, 3.375513749212837E-7
-7.280000000000101, 3.4965238590502573E-7
-7.270000000000101, 3.6206432954762685E-7
-7.260000000000101, 3.7479350531706724E-7
-7.250000000000101, 3.878463078844489E-7
-7.2400000000001015, 4.0122922777379557E-7
-7.230000000000102, 4.149488519905495E-7
-7.220000000000102, 4.2901186462760524E-7
-7.210000000000102, 4.4342504744768203E-7
-7.200000000000102, 4.58195280440807E-7
-7.1900000000001025, 4.7332954235563514E-7
-7.180000000000103, 4.88834911203304E-7
-7.170000000000103, 5.047185647324728E-7
-7.160000000000103, 5.209877808741665E-7
-7.150000000000103, 5.376499381549945E-7
-7.140000000000104, 5.547125160772793E-7
-7.130000000000104, 5.721830954645874E-7
-7.120000000000104, 5.900693587711068E-7
-7.110000000000104, 6.083790903532789E-7
-7.1000000000001044, 6.271201767020388E-7
-7.090000000000105, 6.463006066339807E-7
-7.080000000000105, 6.659284714397096E-7
-7.070000000000105, 6.860119649875994E-7
-7.060000000000105, 7.065593837811228E-7
-7.0500000000001055, 7.275791269678718E-7
-7.040000000000106, 7.49079696298335E-7
-7.030000000000106, 7.710696960324437E-7
-7.020000000000106, 7.935578327918491E-7
-7.010000000000106, 8.165529153558333E-7
-7.000000000000107, 8.400638543987061E-7
-6.990000000000107, 8.640996621664787E-7
-6.980000000000107, 8.886694520905472E-7
-6.970000000000107, 9.137824383360638E-7
-6.960000000000107, 9.394479352826059E-7
-6.950000000000108, 9.656753569346982E-7
-6.940000000000108, 9.924742162596758E-7
-6.930000000000108, 1.0198541244503115E-6
-6.920000000000108, 1.0478247901095682E-6
-6.9100000000001085, 1.0763960183547653E-6
-6.900000000000109, 1.105577709838385E-6
-6.890000000000109, 1.1353798596826703E-6
-6.880000000000109, 1.1658125563250958E-6
-6.870000000000109, 1.1968859802717236E-6
-6.86000000000011, 1.228610402755377E-6
-6.85000000000011, 1.2609961842954932E-6
-6.84000000000011, 1.294053773156439E-6
-6.83000000000011, 1.3277937037009925E-6
-6.82000000000011, 1.362226594635616E-6
-6.810000000000111, 1.3973631471440636E-6
-6.800000000000111, 1.4332141429057837E-6
-6.790000000000111, 1.469790441995494E-6
-6.780000000000111, 1.5071029806602117E-6
-6.7700000000001115, 1.5451627689699513E-6
-6.760000000000112, 1.5839808883381922E-6
-6.750000000000112, 1.6235684889081422E-6
-6.740000000000112, 1.6639367868007279E-6
-6.730000000000112, 1.7050970612201371E-6
-6.7200000000001125, 1.7470606514126629E-6
-6.710000000000113, 1.7898389534744777E-6
-6.700000000000113, 1.8334434170038878E-6
-6.690000000000113, 1.8778855415934993E-6
-6.680000000000113, 1.9231768731576353E-6
-6.670000000000114, 1.969329000090235E-6
-6.660000000000114, 2.0163535492483537E-6
-6.650000000000114, 2.064262181756287E-6
-6.640000000000114, 2.1130665886252137E-6
-6.6300000000001145, 2.1627784861831564E-6
-6.620000000000115, 2.2134096113099316E-6
-6.610000000000115, 2.2649717164716536E-6
-6.600000000000115, 2.317476564549236E-6
-6.590000000000115, 2.3709359234552014E-6
-6.5800000000001155, 2.425361560533017E-6
-6.570000000000116, 2.480765236733011E-6
-6.560000000000116, 2.537158700558838E-6
-6.550000000000116, 2.5945536817782917E-6
-6.540000000000116, 2.6529618848921765E-6
-6.530000000000117, 2.712394982354775E-6
-6.520000000000117, 2.7728646075393438E-6
-6.510000000000117, 2.8343823474419224E-6
-6.500000000000117, 2.8969597351165917E-6
-6.4900000000001175, 2.9606082418351963E-6
-6.480000000000118, 3.025339268964382E-6
-6.470000000000118, 3.091164139552669E-6
-6.460000000000118, 3.1580940896201255E-6
-6.450000000000118, 3.226140259143057E-6
-6.4400000000001185, 3.295313682725973E-6
-6.430000000000119, 3.3656252799529476E-6
-6.420000000000119, 3.4370858454103107E-6
-6.410000000000119, 3.5097060383724837E-6
-6.400000000000119, 3.5834963721425684E-6
-6.39000000000012, 3.6584672030391667E-6
-6.38000000000012, 3.734628719020734E-6
-6.37000000000012, 3.811990927938589E-6
-6.36000000000012, 3.890563645409543E-6
-6.35000000000012, 3.970356482298938E-6
-6.340000000000121, 4.0513788318047066E-6
-6.330000000000121, 4.13363985613287E-6
-6.320000000000121, 4.2171484727547516E-6
-6.310000000000121, 4.301913340235949E-6
-6.3000000000001215, 4.387942843626964E-6
-6.290000000000122, 4.475245079405184E-6
-6.280000000000122, 4.563827839957705E-6
-6.270000000000122, 4.653698597594331E-6
-6.260000000000122, 4.744864488079845E-6
-6.250000000000123, 4.837332293674485E-6
-6.240000000000123, 4.931108425671331E-6
-6.230000000000123, 5.026198906419137E-6
-6.220000000000123, 5.122609350818895E-6
-6.210000000000123, 5.220344947282262E-6
-6.200000000000124, 5.319410438139718E-6
-6.190000000000124, 5.4198100994861525E-6
-6.180000000000124, 5.521547720451348E-6
-6.170000000000124, 5.6246265818825966E-6
-6.1600000000001245, 5.729049434426492E-6
-6.150000000000125, 5.834818475996709E-6
-6.140000000000125, 5.941935328614335E-6
-6.130000000000125, 6.050401014607134E-6
-6.120000000000125, 6.160215932153865E-6
-6.1100000000001256, 6.27137983015955E-6
-6.100000000000126, 6.383891782447354E-6
-6.090000000000126, 6.497750161252512E-6
-6.080000000000126, 6.612952610003502E-6
-6.070000000000126, 6.7294960153753925E-6
-6.060000000000127, 6.847376478600092E-6
-6.050000000000127, 6.966589286017969E-6
-6.040000000000127, 7.087128878855042E-6
-6.030000000000127, 7.208988822209721E-6
-6.0200000000001275, 7.332161773232822E-6
-6.010000000000128, 7.456639448484319E-6
-6.000000000000128, 7.582412590450032E-6
-5.990000000000128, 7.70947093320124E-6
-5.980000000000128, 7.837803167179873E-6
-5.9700000000001285, 7.967396903091763E-6
-5.960000000000129, 8.098238634890094E-6
-5.950000000000129, 8.230313701830987E-6
-5.940000000000129, 8.363606249582873E-6
-5.930000000000129, 8.498099190370997E-6
-5.92000000000013, 8.63377416213821E-6
-5.91000000000013, 8.770611486702875E-6
-5.90000000000013, 8.908590126894455E-6
-5.89000000000013, 9.047687642647086E-6
-5.8800000000001305, 9.187880146031178E-6
-5.870000000000131, 9.329142255202769E-6
-5.860000000000131, 9.471447047250155E-6
-5.850000000000131, 9.614766009916945E-6
-5.840000000000131, 9.75906899218052E-6
-5.8300000000001315, 9.904324153664497E-6
-5.820000000000132, 1.0050497912863607E-5
-5.810000000000132, 1.0197554894159078E-5
-5.800000000000132, 1.034545787360228E-5
-5.790000000000132, 1.0494167723444277E-5
-5.780000000000133, 1.064364335538841E-5
-5.770000000000133, 1.0793841662542993E-5
-5.760000000000133, 1.0944717460050796E-5
-5.750000000000133, 1.1096223424371672E-5
-5.740000000000133, 1.1248310031194583E-5
-5.730000000000134, 1.140092549195477E-5
-5.720000000000134, 1.1554015688931762E-5
-5.710000000000134, 1.1707524108903458E-5
-5.700000000000134, 1.1861391775331381E-5
-5.6900000000001345, 1.201555717905182E-5
-5.680000000000135, 1.216995620744741E-5
-5.670000000000135, 1.2324522072073307E-5
-5.660000000000135, 1.2479185234712011E-5
-5.650000000000135, 1.2633873331830416E-5
-5.640000000000136, 1.2788511097412638E-5
-5.630000000000136, 1.2943020284141677E-5
-5.620000000000136, 1.309731958290293E-5
-5.610000000000136, 1.3251324540582126E-5
-5.600000000000136, 1.3404947476130143E-5
-5.590000000000137, 1.3558097394866853E-5
-5.580000000000137, 1.37106799009959E-5
-5.570000000000137, 1.3862597108302094E-5
-5.560000000000137, 1.4013747549002878E-5
-5.5500000000001375, 1.416402608072504E-5
-5.540000000000138, 1.4313323791577697E-5
-5.530000000000138, 1.4461527903292268E-5
-5.520000000000138, 1.4608521672400056E-5
-5.510000000000138, 1.4754184289417681E-5
-5.5000000000001386, 1.48983907760106E-5
-5.490000000000139, 1.5041011880104582E-5
-5.480000000000139, 1.518191396891495E-5
-5.470000000000139, 1.532095891986311E-5
-5.460000000000139, 1.545800400934979E-5
-5.45000000000014, 1.559290179935425E-5
-5.44000000000014, 1.572550002182845E-5
-5.43000000000014, 1.585564146085524E-5
-5.42000000000014, 1.5983163832539206E-5
-5.4100000000001405, 1.610789966259896E-5
-5.400000000000141, 1.622967616162933E-5
-5.390000000000141, 1.634831509800196E-5
-5.380000000000141, 1.6463632668372577E-5
-5.370000000000141, 1.6575439365763217E-5
-5.3600000000001415, 1.668353984518761E-5
-5.350000000000142, 1.6787732786787823E-5
-5.340000000000142, 1.6887810756450206E-5
-5.330000000000142, 1.6983560063868753E-5
-5.320000000000142, 1.707476061802382E-5
-5.310000000000143, 1.71611857800443E-5
-5.300000000000143, 1.7242602213421215E-5
-5.290000000000143, 1.731876973154087E-5
-5.280000000000143, 1.7389441142505574E-5
-5.2700000000001435, 1.7454362091210198E-5
-5.260000000000144, 1.7513270898642768E-5
-5.250000000000144, 1.7565898398377483E-5
-5.240000000000144, 1.7611967770228573E-5
-5.230000000000144, 1.765119437103367E-5
-5.2200000000001445, 1.768328556253549E-5
-5.210000000000145, 1.770794053633066E-5
-5.200000000000145, 1.7724850135855032E-5
-5.190000000000145, 1.773369667537474E-5
-5.180000000000145, 1.7734153755952706E-5
-5.170000000000146, 1.7725886078360554E-5
-5.160000000000146, 1.7708549252906056E-5
-5.150000000000146, 1.7681789606146868E-5
-5.140000000000146, 1.764524398446123E-5
-5.130000000000146, 1.759853955444718E-5
-5.120000000000147, 1.7541293600121876E-5
-5.110000000000147, 1.7473113316893216E-5
-5.100000000000147, 1.7393595602276487E-5
-5.090000000000147, 1.7302326843329116E-5
-5.0800000000001475, 1.7198882700777354E-5
-5.070000000000148, 1.7082827889809076E-5
-5.060000000000148, 1.695371595750773E-5
-5.050000000000148, 1.681108905690287E-5
-5.040000000000148, 1.6654477717613738E-5
-5.030000000000149, 1.648340061306263E-5
-5.020000000000149, 1.6297364324236053E-5
-5.010000000000149, 1.609586309997212E-5
-5.000000000000149, 1.5878378613753653E-5
-4.990000000000149, 1.564437971698736E-5
-4.98000000000015, 1.539332218875031E-5
-4.97000000000015, 1.512464848198609E-5
-4.96000000000015, 1.4837787466133864E-5
-4.95000000000015, 1.453215416617481E-5
-4.9400000000001505, 1.4207149498081496E-5
-4.930000000000151, 1.3862160000656921E-5
-4.920000000000151, 1.3496557563751255E-5
-4.910000000000151, 1.3109699152845604E-5
-4.900000000000151, 1.2700926529993445E-5
-4.890000000000152, 1.2269565971111854E-5
-4.880000000000152, 1.181492797961613E-5
-4.870000000000152, 1.133630699639292E-5
-4.860000000000152, 1.0832981106108614E-5
-4.850000000000152, 1.030421173985142E-5
-4.840000000000153, 9.749243374107276E-6
-4.830000000000153, 9.167303226071619E-6
-4.820000000000153, 8.557600945300818E-6
-4.810000000000153, 7.919328301709155E-6
-4.8000000000001535, 7.251658869919161E-6
-4.790000000000154, 6.553747709975332E-6
-4.780000000000154, 5.824731044433336E-6
-4.770000000000154, 5.0637259318391696E-6
-4.760000000000154, 4.269829936615075E-6
-4.7500000000001545, 3.442120795371405E-6
-4.740000000000155, 2.5796560796662385E-6
-4.730000000000155, 1.6814728552371157E-6
-4.720000000000155, 7.465873377319855E-7
-4.710000000000155, -2.2600545503071625E-7
-4.700000000000156, -1.2373320542400623E-6
-4.690000000000156, -2.2884408946728735E-6
-4.680000000000156, -3.3804026726372854E-6
-4.670000000000156, -4.514310707237505E-6
-4.6600000000001565, -5.691281304914297E-6
-4.650000000000157, -6.91245412721231E-6
-4.640000000000157, -8.178992561721826E-6
-4.630000000000157, -9.492084096138819E-6
-4.620000000000157, -1.0852940695383474E-5
-4.6100000000001575, -1.2262799181713393E-5
-4.600000000000158, -1.3722921617763706E-5
-4.590000000000158, -1.5234595692442115E-5
-4.580000000000158, -1.6799135109602708E-5
-4.570000000000158, -1.841787997941784E-5
-4.560000000000159, -2.0092197212362946E-5
-4.550000000000159, -2.18234809157244E-5
-4.540000000000159, -2.3613152792535666E-5
-4.530000000000159, -2.546266254284213E-5
-4.5200000000001594, -2.7373488267189705E-5
-4.51000000000016, -2.93471368722272E-5
-4.50000000000016, -3.1385144478306785E-5
-4.49000000000016, -3.348907682896159E-5
-4.48000000000016, -3.566052970213333E-5
-4.4700000000001605, -3.790112932301727E-5
-4.460000000000161, -4.021253277838552E-5
-4.450000000000161, -4.259642843224346E-5
-4.440000000000161, -4.505453634266764E-5
-4.430000000000161, -4.758860867966676E-5
-4.420000000000162, -5.02004301439007E-5
-4.410000000000162, -5.289181838608538E-5
-4.400000000000162, -5.566462442690402E-5
-4.390000000000162, -5.852073307723811E-5
-4.380000000000162, -6.146206335852364E-5
-4.370000000000163, -6.449056892303035E-5
-4.360000000000163, -6.76082384738537E-5
-4.350000000000163, -7.081709618440103E-5
-4.340000000000163, -7.411920211714507E-5
-4.3300000000001635, -7.751665264140879E-5
-4.320000000000164, -8.101158084993712E-5
-4.310000000000164, -8.460615697400176E-5
-4.300000000000164, -8.830258879677568E-5
-4.290000000000164, -9.21031220647046E-5
-4.280000000000165, -9.601004089659236E-5
-4.270000000000165, -1.0002566819010766E-4
-4.260000000000165, -1.0415236602540802E-4
-4.250000000000165, -1.0839253606556783E-4
-4.240000000000165, -1.1274861995348454E-4
-4.230000000000166, -1.1722309970492712E-4
-4.220000000000166, -1.2181849809737871E-4
-4.210000000000166, -1.2653737905431414E-4
-4.200000000000166, -1.313823480245401E-4
-4.1900000000001665, -1.3635605235621387E-4
-4.180000000000167, -1.4146118166514398E-4
-4.170000000000167, -1.4670046819696263E-4
-4.160000000000167, -1.5207668718274602E-4
-4.150000000000167, -1.5759265718764688E-4
-4.1400000000001675, -1.6325124045208692E-4
-4.130000000000168, -1.6905534322504446E-4
-4.120000000000168, -1.7500791608895727E-4
-4.110000000000168, -1.8111195427574517E-4
-4.100000000000168, -1.8737049797344242E-4
-4.090000000000169, -1.9378663262291327E-4
-4.080000000000169, -2.0036348920410825E-4
-4.070000000000169, -2.0710424451130283E-4
-4.060000000000169, -2.1401212141674252E-4
-4.0500000000001695, -2.2109038912210074E-4
-4.04000000000017, -2.2834236339713978E-4
-4.03000000000017, -2.357714068049455E-4
-4.02000000000017, -2.4338092891308842E-4
-4.01000000000017, -2.51174386490045E-4
-4.0000000000001705, -2.591552836861942E-4
-3.9900000000001707, -2.673271721986829E-4
-3.980000000000171, -2.756936514194368E-4
-3.970000000000171, -2.8425836856556594E-4
-3.9600000000001714, -2.9302501879140396E-4
-3.9500000000001716, -3.0199734528138744E-4
-3.940000000000172, -3.111791393229654E-4
-3.930000000000172, -3.205742403587069E-4
-3.9200000000001722, -3.30186536016748E-4
-3.9100000000001724, -3.400199621187E-4
-3.9000000000001727, -3.5007850266411316E-4
-3.890000000000173, -3.60366189790569E-4
-3.880000000000173, -3.7088710370844496E-4
-3.8700000000001733, -3.8164537260937495E-4
-3.8600000000001735, -3.926451725473981E-4
-3.8500000000001737, -4.03890727291764E-4
-3.840000000000174, -4.153863081503361E-4
-3.830000000000174, -4.271362337625043E-4
-3.8200000000001744, -4.391448698604921E-4
-3.8100000000001746, -4.5141662899791344E-4
-3.800000000000175, -4.639559702444052E-4
-3.790000000000175, -4.767673988451304E-4
-3.780000000000175, -4.898554658439172E-4
-3.7700000000001754, -5.032247676687684E-4
-3.7600000000001756, -5.168799456784391E-4
-3.750000000000176, -5.308256856687567E-4
-3.740000000000176, -5.450667173373131E-4
-3.7300000000001763, -5.596078137051358E-4
-3.7200000000001765, -5.74453790493898E-4
-3.7100000000001767, -5.896095054572076E-4
-3.700000000000177, -6.050798576644626E-4
-3.690000000000177, -6.208697867357358E-4
-3.6800000000001774, -6.369842720261106E-4
-3.6700000000001776, -6.534283317578478E-4
-3.6600000000001778, -6.702070220987306E-4
-3.650000000000178, -6.873254361848919E-4
-3.640000000000178, -7.047887030863861E-4
-3.6300000000001784, -7.226019867137336E-4
-3.6200000000001786, -7.40770484663612E-4
-3.610000000000179, -7.592994270018413E-4
-3.600000000000179, -7.781940749817514E-4
-3.5900000000001793, -7.974597196959868E-4
-3.5800000000001795, -8.171016806597534E-4
-3.5700000000001797, -8.371253043234681E-4
-3.56000000000018, -8.575359625127248E-4
-3.55000000000018, -8.783390507934423E-4
-3.5400000000001803, -8.995399867600129E-4
-3.5300000000001805, -9.211442082442186E-4
-3.5200000000001808, -9.431571714426368E-4
-3.510000000000181, -9.655843489601981E-4
-3.500000000000181, -9.88431227767517E-4
-3.4900000000001814, -0.001011703307069555
-3.4800000000001816, -0.0010354060960831265
-3.470000000000182, -0.0010595451117207052
-3.460000000000182, -0.0010841258761779236
-3.4500000000001823, -0.0011091539144221186
-3.4400000000001825, -0.0011346347515791973
-3.4300000000001827, -0.0011605739102160614
-3.420000000000183, -0.0011869769075157513
-3.410000000000183, -0.0012138492523424205
-3.4000000000001833, -0.0012411964421931861
-3.3900000000001835, -0.0012690239600338423
-3.3800000000001837, -0.0012973372710153544
-3.370000000000184, -0.0013261418190679947
-3.360000000000184, -0.0013554430233699098
-3.3500000000001844, -0.0013852462746868457
-3.3400000000001846, -0.0014155569315796898
-3.330000000000185, -0.001446380316476419
-3.320000000000185, -0.0014777217116049774
-3.3100000000001852, -0.0015095863547835296
-3.3000000000001855, -0.0015419794350644749
-3.2900000000001857, -0.0015749060882285218
-3.280000000000186, -0.0016083713921250643
-3.270000000000186, -0.0016423803618550094
-3.2600000000001863, -0.0016769379447921448
-3.2500000000001865, -0.0017120490154390506
-3.2400000000001867, -0.0017477183701134827
-3.230000000000187, -0.0017839507214610746
-3.220000000000187, -0.0018207506927901294
-3.2100000000001874, -0.0018581228122241903
-3.2000000000001876, -0.0018960715066679858
-3.190000000000188, -0.0019346010955822827
-3.180000000000188, -0.001973715784563076
-3.1700000000001882, -0.002013419658720467
-3.1600000000001884, -0.0020537166758524948
-3.1500000000001886, -0.0020946106594091013
-3.140000000000189, -0.0021361052912413055
-3.130000000000189, -0.0021782041041305935
-3.1200000000001893, -0.002220910474093426
-3.1100000000001895, -0.00226422761245567
-3.1000000000001897, -0.0023081585576916856
-3.09000000000019, -0.002352706167022674
-3.08000000000019, -0.00239787310776883
-3.0700000000001904, -0.0024436618484497204
-3.0600000000001906, -0.0024900746496272228
-3.050000000000191, -0.0025371135544852556
-3.040000000000191, -0.002584780379140432
-3.030000000000191, -0.002633076702677668
-3.0200000000001914, -0.0026820038569046745
-3.0100000000001916, -0.00273156291581915
-3.000000000000192, -0.0027817546847823953
-2.990000000000192, -0.0028325796893929668
-2.9800000000001923, -0.002884038164053867
-2.9700000000001925, -0.0029361300402266696
-2.9600000000001927, -0.0029888549343658694
-2.950000000000193, -0.003042212135526629
-2.940000000000193, -0.003096200592638994
-2.9300000000001933, -0.003150818901441521
-2.9200000000001936, -0.0032060652910671614
-2.9100000000001938, -0.003261937610274131
-2.900000000000194, -0.003318433313314361
-2.890000000000194, -0.003375549445432035
-2.8800000000001944, -0.00343328262798458
-2.8700000000001946, -0.0034916290431783706
-2.860000000000195, -0.003550584418411285
-2.850000000000195, -0.0036101440102141204
-2.8400000000001953, -0.0036703025877827754
-2.8300000000001955, -0.0037310544160929727
-2.8200000000001957, -0.003792393238589155
-2.810000000000196, -0.0038543122594391077
-2.800000000000196, -0.003916804125345693
-2.7900000000001963, -0.003979860906906987
-2.7800000000001965, -0.004043474079515947
-2.7700000000001967, -0.004107634503790677
-2.760000000000197, -0.004172332405526155
-2.750000000000197, -0.004237557355158196
-2.7400000000001974, -0.0043032982467303225
-2.7300000000001976, -0.0043695432763540265
-2.720000000000198, -0.004436279920152825
-2.710000000000198, -0.004503494911680359
-2.7000000000001982, -0.004571174218802661
-2.6900000000001985, -0.004639303020034605
-2.6800000000001987, -0.0047078656803203715
-2.670000000000199, -0.004776845726247697
-2.660000000000199, -0.004846225820685485
-2.6500000000001993, -0.004915987736834274
-2.6400000000001995, -0.004986112331678894
-2.6300000000001997, -0.005056579518832509
-2.6200000000002, -0.005127368240761162
-2.6100000000002, -0.005198456440377737
-2.6000000000002004, -0.0052698210319941765
-2.5900000000002006, -0.00534143787162064
-2.580000000000201, -0.005413281726600161
-2.570000000000201, -0.005485326244567228
-2.5600000000002012, -0.005557543921718609
-2.5500000000002014, -0.005629906070384574
-2.5400000000002017, -0.005702382785888556
-2.530000000000202, -0.005774942912683207
-2.520000000000202, -0.00584755400975059
-2.5100000000002023, -0.005920182315254222
-2.5000000000002025, -0.005992792710430483
-2.4900000000002027, -0.006065348682706825
-2.480000000000203, -0.0061378122880340795
-2.470000000000203, -0.006210144112420056
-2.4600000000002034, -0.00628230323265147
-2.4500000000002036, -0.006354247176191179
-2.440000000000204, -0.006425931880237529
-2.430000000000204, -0.006497311649932551
-2.420000000000204, -0.006568339115705607
-2.4100000000002044, -0.006638965189738992
-2.4000000000002046, -0.006709139021541873
-2.390000000000205, -0.006778807952618866
-2.380000000000205, -0.006847917470219443
-2.3700000000002053, -0.0069164111601542335
-2.3600000000002055, -0.0069842306586642595
-2.3500000000002057, -0.007051315603328954
-2.340000000000206, -0.007117603582998821
-2.330000000000206, -0.007183030086738427
-2.3200000000002063, -0.007247528451765405
-2.3100000000002066, -0.007311029810371001
-2.3000000000002068, -0.007373463035807688
-2.290000000000207, -0.007434754687129239
-2.280000000000207, -0.007494828952968641
-2.2700000000002074, -0.007553607594239134
-2.2600000000002076, -0.007611009885743599
-2.250000000000208, -0.007666952556677518
-2.240000000000208, -0.007721349730010602
-2.2300000000002083, -0.0077741128607322334
-2.2200000000002085, -0.007825150672945745
-2.2100000000002087, -0.0078743690957966
-2.200000000000209, -0.007921671198219479
-2.190000000000209, -0.00796695712248927
-2.1800000000002093, -0.008010124016560953
-2.1700000000002095, -0.00805106596518334
-2.1600000000002098, -0.008089673919771717
-2.15000000000021, -0.008125835627024326
-2.14000000000021, -0.008159435556267748
-2.1300000000002104, -0.008190354825516229
-2.1200000000002106, -0.008218471126230042
-2.110000000000211, -0.008243658646757987
-2.100000000000211, -0.008265787994449292
-2.0900000000002112, -0.008284726116420074
-2.0800000000002115, -0.008300336218959758
-2.0700000000002117, -0.008312477685562843
-2.060000000000212, -0.008321005993571506
-2.050000000000212, -0.008325772629414694
-2.0400000000002123, -0.008326625002429398
-2.0300000000002125, -0.008323406357249987
-2.0200000000002127, -0.0083159556847516
-2.010000000000213, -0.008304107631533766
-2.000000000000213, -0.008287692407930522
-1.9900000000002132, -0.008266535694533604
-1.9800000000002131, -0.008240458547215343
-1.9700000000002131, -0.008209277300638215
-1.9600000000002131, -0.008172803470238126
-1.9500000000002131, -0.008130843652668843
-1.940000000000213, -0.008083199424695169
-1.930000000000213, -0.00802966724052273
-1.920000000000213, -0.007970038327552602
-1.910000000000213, -0.007904098580549204
-1.900000000000213, -0.007831628454210291
-1.890000000000213, -0.007752402854128187
-1.880000000000213, -0.007666191026131752
-1.870000000000213, -0.007572756443998974
-1.860000000000213, -0.007471856695530455
-1.850000000000213, -0.007363243366974509
-1.840000000000213, -0.007246661925794992
-1.830000000000213, -0.007121851601773494
-1.820000000000213, -0.0069885452664379686
-1.810000000000213, -0.0068464693108104
-1.800000000000213, -0.006695343521466647
-1.790000000000213, -0.006534880954902157
-1.780000000000213, -0.006364787810197823
-1.770000000000213, -0.006184763299980853
-1.760000000000213, -0.005994499519676207
-1.750000000000213, -0.005793681315044742
-1.740000000000213, -0.005581986148004985
-1.730000000000213, -0.005359083960736089
-1.720000000000213, -0.00512463703806037
-1.710000000000213, -0.004878299868104498
-1.700000000000213, -0.004619719001239347
-1.6900000000002129, -0.004348532907299254
-1.6800000000002129, -0.004064371831082376
-1.6700000000002129, -0.0037668576461347305
-1.6600000000002129, -0.0034556037068214484
-1.6500000000002129, -0.0031302146986897745
-1.6400000000002128, -0.0027902864871293376
-1.6300000000002128, -0.0024354059643363173
-1.6200000000002128, -0.0020651508945891974
-1.6100000000002128, -0.0016790897578449595
-1.6000000000002128, -0.001276781591665735
-1.5900000000002128, -8.577758314871732E-4
-1.5800000000002128, -4.2161214924103893E-4
-1.5700000000002128, 3.217970965413635E-5
-1.5600000000002128, 5.040800909191584E-4
-1.5500000000002128, 9.945795976404452E-4
-1.5400000000002128, 0.0015041792580784326
-1.5300000000002127, 0.0020333906950385687
-1.5200000000002127, 0.002582736296783809
-1.5100000000002127, 0.003152749389465917
-1.5000000000002127, 0.0037439744110512193
-1.4900000000002127, 0.0043569670867147645
-1.4800000000002127, 0.00499229460567506
-1.4700000000002127, 0.005650535799439734
-1.4600000000002127, 0.006332281321430615
-1.4500000000002127, 0.007038133827954762
-1.4400000000002127, 0.007768708160485964
-1.4300000000002127, 0.008524631529219227
-1.4200000000002126, 0.009306543697858528
-1.4100000000002126, 0.010115097169596089
-1.4000000000002126, 0.010950957374238962
-1.3900000000002126, 0.01181480285643658
-1.3800000000002126, 0.012707325464960426
-1.3700000000002126, 0.013629230542984478
-1.3600000000002126, 0.014581237119312671
-1.3500000000002126, 0.015564078100496875
-1.3400000000002126, 0.016578500463786224
-1.3300000000002126, 0.01762526545084595
-1.3200000000002126, 0.018705148762180848
-1.3100000000002125, 0.019818940752195778
-1.3000000000002125, 0.020967446624822368
-1.2900000000002125, 0.02215148662963816
-1.2800000000002125, 0.023371896258401192
-1.2700000000002125, 0.024629526441919642
-1.2600000000002125, 0.025925243747172904
-1.2500000000002125, 0.027259930574597
-1.2400000000002125, 0.02863448535544352
-1.2300000000002125, 0.030049822749117844
-1.2200000000002125, 0.03150687384039845
-1.2100000000002125, 0.03300658633643535
-1.2000000000002125, 0.03454992476342176
-1.1900000000002124, 0.03613787066282888
-1.1800000000002124, 0.03777142278708971
-1.1700000000002124, 0.0394515972946134
-1.1600000000002124, 0.04117942794400715
-1.1500000000002124, 0.04295596628737834
-1.1400000000002124, 0.04478228186258498
-1.1300000000002124, 0.04665946238429741
-1.1200000000002124, 0.04858861393372977
-1.1100000000002124, 0.05057086114689459
-1.1000000000002124, 0.05260734740122859
-1.0900000000002124, 0.054699235000432785
-1.0800000000002123, 0.05684770535736416
-1.0700000000002123, 0.0590539591748113
-1.0600000000002123, 0.06131921662398014
-1.0500000000002123, 0.06364471752051024
-1.0400000000002123, 0.06603172149783652
-1.0300000000002123, 0.06848150817770468
-1.0200000000002123, 0.07099537733764275
-1.0100000000002123, 0.07357464907518436
-1.0000000000002123, 0.07622066396863349
-0.9900000000002123, 0.07893478323415273
-0.9800000000002123, 0.08171838887895137
-0.9700000000002122, 0.08457288385034151
-0.9600000000002122, 0.0874996921804239
-0.9500000000002122, 0.09050025912615786
-0.9400000000002122, 0.09357605130456127
-0.9300000000002122, 0.09672855682278014
-0.9200000000002122, 0.09995928540275822
-0.9100000000002122, 0.10326976850022983
-0.9000000000002122, 0.10666155941775028
-0.8900000000002122, 0.11013623341147023
-0.8800000000002122, 0.11369538779135147
-0.8700000000002122, 0.11734064201451229
-0.8600000000002122, 0.12107363777138298
-0.8500000000002121, 0.12489603906434077
-0.8400000000002121, 0.12880953227848588
-0.8300000000002121, 0.1328158262442092
-0.8200000000002121, 0.1369166522911939
-0.8100000000002121, 0.14111376429348083
-0.8000000000002121, 0.14540893870522012
-0.7900000000002121, 0.14980397458671796
-0.7800000000002121, 0.15430069362037935
-0.7700000000002121, 0.15890094011613412
-0.7600000000002121, 0.163606581005925
-0.750000000000212, 0.1684195058268221
-0.740000000000212, 0.17334162669231892
-0.730000000000212, 0.17837487825135148
-0.720000000000212, 0.18352121763457097
-0.710000000000212, 0.1887826243873863
-0.700000000000212, 0.19416110038928253
-0.690000000000212, 0.19965866975890553
-0.680000000000212, 0.20527737874439214
-0.670000000000212, 0.2110192955984098
-0.660000000000212, 0.2168865104373573
-0.650000000000212, 0.22288113508416302
-0.640000000000212, 0.22900530289410295
-0.630000000000212, 0.23526116856304669
-0.6200000000002119, 0.24165090791752344
-0.6100000000002119, 0.2481767176859861
-0.6000000000002119, 0.2548408152506348
-0.5900000000002119, 0.26164543837914567
-0.5800000000002119, 0.26859284493563546
-0.5700000000002119, 0.2756853125701734
-0.5600000000002119, 0.28292513838613903
-0.5500000000002119, 0.29031463858470236
-0.5400000000002119, 0.2978561480856903
-0.5300000000002119, 0.30555202012408184
-0.5200000000002118, 0.3134046258213579
-0.5100000000002118, 0.32141635373091276
-0.5000000000002118, 0.3295896093567152
-0.4900000000002118, 0.33792681464438845
-0.4800000000002118, 0.34643040744385845
-0.4700000000002118, 0.3551028409426988
-0.4600000000002118, 0.3639465830692823
-0.4500000000002118, 0.37296411586482753
-0.4400000000002118, 0.38215793482340704
-0.43000000000021177, 0.3915305481989631
-0.42000000000021176, 0.40108447627835536
-0.41000000000021175, 0.4108222506194419
-0.40000000000021174, 0.42074641325317225
-0.39000000000021173, 0.4308595158486492
-0.3800000000002117, 0.4411641188400917
-0.3700000000002117, 0.4516627905146074
-0.3600000000002117, 0.4623581060596591
-0.3500000000002117, 0.47325264656908606
-0.3400000000002117, 0.4843489980065129
-0.3300000000002117, 0.49564975012495766
-0.32000000000021167, 0.5071574953414201
-0.31000000000021166, 0.5188748275652079
-0.30000000000021165, 0.530804340978731
-0.29000000000021164, 0.5429486287694659
-0.28000000000021164, 0.5553102818117666
-0.2700000000002116, 0.5678918872971649
-0.2600000000002116, 0.5806960273117842
-0.2500000000002116, 0.5937252773594495
-0.2400000000002116, 0.606982204829057
-0.2300000000002116, 0.6204693674047316
-0.22000000000021158, 0.6341893114172701
-0.21000000000021157, 0.6481445701353385
-0.20000000000021156, 0.6623376619948604
-0.19000000000021156, 0.6767710887649991
-0.18000000000021155, 0.6914473336491068
-0.17000000000021154, 0.7063688593189782
-0.16000000000021153, 0.7215381058807151
-0.15000000000021152, 0.7369574887704735
-0.1400000000002115, 0.7526293965783281
-0.1300000000002115, 0.7685561887984583
-0.1200000000002115, 0.7847401935038212
-0.11000000000021151, 0.8011837049434425
-0.10000000000021152, 0.8178889810604183
-0.09000000000021152, 0.8348582409286854
-0.08000000000021153, 0.8520936621065792
-0.07000000000021153, 0.86959737790516
-0.06000000000021153, 0.8873714745692527
-0.05000000000021153, 0.9054179883690976
-0.040000000000211526, 0.9237389026004842
-0.030000000000211524, 0.9423361444911841
-0.020000000000211522, 0.9612115820114703
-0.010000000000211522, 0.9803670205864634
-2.11521772319756E-13, 0.9998041997080046
0.009999999999788478, 1.0195247894437105
0.01999999999978848, 1.0395303868408308
0.02999999999978848, 1.059822512222471
0.03999999999978848, 1.0804026053737155
0.049999999999788484, 1.101272021615129
0.059999999999788486, 1.1224320277610769
0.06999999999978848, 1.143883797960252
0.07999999999978848, 1.1656284094157627
0.08999999999978847, 1.1876668379820707
0.09999999999978847, 1.2099999536360397
0.10999999999978846, 1.2326285158192964
0.11999999999978846, 1.255553168649059
0.12999999999978845, 1.2787744359945437
0.13999999999978846, 1.3022927164160043
0.14999999999978847, 1.326108277963418
0.15999999999978848, 1.3502212528317716
0.1699999999997885, 1.3746316318698593
0.1799999999997885, 1.3993392589394447
0.1899999999997885, 1.424343825121596
0.1999999999997885, 1.4496448627669432
0.20999999999978852, 1.4752417393865576
0.21999999999978853, 1.5011336513801028
0.22999999999978854, 1.5273196175978456
0.23999999999978855, 1.5537984727330658
0.24999999999978856, 1.5805688605413544
0.25999999999978857, 1.607629226883219
0.2699999999997886, 1.6349778125863803
0.2799999999997886, 1.662612646124067
0.2899999999997886, 1.6905315361055766
0.2999999999997886, 1.7187320635753054
0.3099999999997886, 1.7472115741163914
0.3199999999997886, 1.7759671697550605
0.32999999999978863, 1.8049957006617094
0.33999999999978864, 1.834293756644697
0.34999999999978865, 1.8638576584327582
0.35999999999978866, 1.8936834487418936
0.36999999999978866, 1.9237668831225394
0.3799999999997887, 1.9541034205827394
0.3899999999997887, 1.9846882139830144
0.3999999999997887, 2.015516100198527
0.4099999999997887, 2.046581590044113
0.4199999999997887, 2.0778788579576664
0.4299999999997887, 2.1094017314373144
0.4399999999997887, 2.141143680227761
0.44999999999978874, 2.173097805251103
0.45999999999978874, 2.205256827277383
0.46999999999978875, 2.2376130753300547
0.47999999999978876, 2.2701584748215
0.48999999999978877, 2.3028845354136642
0.4999999999997888, 2.3357823385988103
0.5099999999997887, 2.368842524995341
0.5199999999997887, 2.40205528135357
0.5299999999997888, 2.435410327266264
0.5399999999997888, 2.4688969015787183
0.5499999999997888, 2.50250374849306
0.5599999999997888, 2.5362191033614208
0.5699999999997888, 2.57003067816256
0.5799999999997888, 2.603925646656445
0.5899999999997888, 2.6378906292112583
0.5999999999997888, 2.6719116772972145
0.6099999999997888, 2.705974257641538
0.6199999999997888, 2.7400632360388717
0.6299999999997888, 2.774162860811332
0.6399999999997888, 2.8082567459123893
0.6499999999997889, 2.8423278536686527
0.6599999999997889, 2.87635847715363
0.6699999999997889, 2.9103302221874334
0.6799999999997889, 2.9442239889563826
0.6899999999997889, 2.9780199532463705
0.6999999999997889, 3.0116975472838328
0.7099999999997889, 3.0452354401780766
0.7199999999997889, 3.078611517958708
0.7299999999997889, 3.111802863201811
0.7399999999997889, 3.1447857342385097
0.749999999999789, 3.1775355439394772
0.759999999999789, 3.210026838068916
0.769999999999789, 3.242233273201489
0.779999999999789, 3.274127594195627
0.789999999999789, 3.3056816112166025
0.799999999999789, 3.3368661763027214
0.809999999999789, 3.367651159467926
0.819999999999789, 3.3980054243340825
0.829999999999789, 3.4278968032861834
0.839999999999789, 3.457292072143655
0.849999999999789, 3.486156924340931
0.859999999999789, 3.514455944610422
0.869999999999789, 3.542152582160985
0.8799999999997891, 3.56920912334495
0.8899999999997891, 3.595586663806786
0.8999999999997891, 3.621245080106389
0.9099999999997891, 3.6461430008100395
0.9199999999997891, 3.670237777041994
0.9299999999997891, 3.693485452489697
0.9399999999997891, 3.7158407328555794
0.9499999999997891, 3.7372569547483923
0.9599999999997891, 3.757686054007044
0.9699999999997891, 3.7770785334498687
0.9799999999997892, 3.7953834300422993
0.9899999999997892, 3.812548281475891
0.9999999999997892, 3.8285190921516596
1.009999999999789, 3.843240298560726
1.019999999999789, 3.8566547340552475
1.029999999999789, 3.8687035930026568
1.039999999999789, 3.8793263943162666
1.049999999999789, 3.888460944355281
1.059999999999789, 3.896043299187343
1.0699999999997891, 3.9020077262067523
1.0799999999997891, 3.906286665101549
1.0899999999997891, 3.9088106881626823
1.0999999999997891, 3.909508459928582
1.1099999999997892, 3.9083066961584576
1.1199999999997892, 3.9051301221277606
1.1299999999997892, 3.8999014302392876
1.1399999999997892, 3.89254123694349
1.1499999999997892, 3.8829680389616437
1.1599999999997892, 3.8710981688056063
1.1699999999997892, 3.8568457495880124
1.1799999999997892, 3.840122649116835
1.1899999999997892, 3.8208384332683583
1.1999999999997892, 3.798900318632742
1.2099999999997892, 3.774213124426465
1.2199999999997893, 3.7466792236660673
1.2299999999997893, 3.716198493597769
1.2399999999997893, 3.6826682653776808
1.2499999999997893, 3.6459832729974795
1.2599999999997893, 3.6060356014505985
1.2699999999997893, 3.5627146341341445
1.2799999999997893, 3.5159069994819583
1.2899999999997893, 3.465496516824414
1.2999999999997893, 3.411364141470761
1.3099999999997893, 3.353387909010048
1.3199999999997893, 3.2914428788268513
1.3299999999997894, 3.225401076828327
1.3399999999997894, 3.1551314373792967
1.3499999999997894, 3.0804997444423736
1.3599999999997894, 3.001368571920394
1.3699999999997894, 2.917597223198714
1.3799999999997894, 2.829041669885199
1.3899999999997894, 2.735554489746091
1.3999999999997894, 2.636984803836211
1.4099999999997894, 2.5331782128223286
1.4199999999997894, 2.4239767324988617
1.4299999999997894, 2.309218728495436
1.4399999999997894, 2.1887388501762235
1.4499999999997895, 2.0623679637313623
1.4599999999997895, 1.9299330844611775
1.4699999999997895, 1.7912573082543477
1.4799999999997895, 1.6461597422616074
1.4899999999997895, 1.4944554347670282
1.4999999999997895, 1.33595530425941
1.5099999999997895, 1.1704660677067955
1.5199999999997895, 0.9977901680376505
1.5299999999997895, 0.81772570083277
1.5399999999997895, 0.6300663402325277
1.5499999999997895, 0.4346012640646643
1.5599999999997896, 0.23111507819838673
1.5699999999997896, 0.019387740131178176
1.5799999999997896, -0.2008055181846593
1.5899999999997896, -0.42969426826804474
1.5999999999997896, -0.6675129637793823
1.6099999999997896, -0.9145010199259894
1.6199999999997896, -1.1709028935929018
1.6299999999997896, -1.436968164188525
1.6399999999997896, -1.7129516151938236
1.6499999999997896, -1.9991133164029455
1.6599999999997896, -2.2957187068423486
1.6699999999997897, -2.603038678354654
1.6799999999997897, -2.9213496598325643
1.6899999999997897, -3.2509337020872855
1.6999999999997897, -3.5920785633349523
1.7099999999997897, -3.945077795283589
1.7199999999997897, -4.310230829802169
1.7299999999997897, -4.687843066152266
1.7399999999997897, -5.078225958761786
1.7499999999997897, -5.4816971055191415
1.7599999999997897, -5.898580336565135
1.7699999999997897, -6.32920580355865
1.7799999999997898, -6.773910069391063
1.7899999999997898, -7.233036198323084
1.7999999999997898, -7.706933846516427
1.8099999999997898, -8.19595935293149
1.8199999999997898, -8.700475830560812
1.8299999999997898, -9.220853257966764
1.8399999999997898, -9.757468571090486
1.8499999999997898, -10.310705755297638
1.8599999999997898, -10.880955937625064
1.8699999999997898, -11.468617479190877
1.8799999999997898, -12.07409606772898
1.8899999999997898, -12.697804810207348
1.8999999999997899, -13.340164325487745
1.9099999999997899, -14.001602836982858
1.9199999999997899, -14.682556265265108
1.9299999999997899, -15.383468320579452
1.93999999999979, -16.104790595210854
1.94999999999979, -16.84698265565496
1.95999999999979, -17.610512134538794
1.96999999999979, -18.39585482223607
1.97999999999979, -19.203494758119852
1.98999999999979, -20.03392432139299
1.99999999999979, -20.887644321434767
2.0099999999997897, -21.765164087599825
2.0199999999997895, -22.66700155840345
2.0299999999997893, -23.593683370024227
2.039999999999789, -24.545744944053734
2.049999999999789, -25.52373057441968
2.0599999999997887, -26.52819351340653
2.0699999999997885, -27.55969605669542
2.0799999999997882, -28.61880962734196
2.089999999999788, -29.706114858608434
2.099999999999788, -30.822201675563484
2.1099999999997876, -31.967669375360103
2.1199999999997874, -33.143126706099316
2.129999999999787, -34.34919194418443
2.139999999999787, -35.58649297006722
2.1499999999997867, -36.85566734228464
2.1599999999997865, -38.1573623696811
2.1699999999997863, -39.49223518170852
2.179999999999786, -40.86095279669241
2.189999999999786, -42.264192187949256
2.1999999999997857, -43.702640347636866
2.2099999999997855, -45.17699434821543
2.2199999999997853, -46.687961401393814
2.229999999999785, -48.23625891443134
2.239999999999785, -49.822614543661935
2.2499999999997846, -51.447766245103075
2.2599999999997844, -53.112462322008376
2.269999999999784, -54.81746146921803
2.279999999999784, -56.56353281415769
2.2899999999997838, -58.35145595433137
2.2999999999997836, -60.182020991150104
2.3099999999997833, -62.056028559933246
2.319999999999783, -63.97428985591472
2.329999999999783, -65.93762665608179
2.3399999999997827, -67.94687133666955
2.3499999999997825, -70.00286688612815
2.3599999999997823, -72.10646691337654
2.369999999999782, -74.25853565114967
2.379999999999782, -76.45994795424187
2.3899999999997816, -78.71158929244328
2.3999999999997814, -81.01435573796105
2.409999999999781, -83.36915394711104
2.419999999999781, -85.77690113606019
2.429999999999781, -88.23852505039413
2.4399999999997806, -90.75496392827826
2.4499999999997804, -93.32716645697448
2.45999999999978, -95.9560917224699
2.46999999999978, -98.64270915196705
2.4799999999997797, -101.38799844897885
2.4899999999997795, -104.19294952076503
2.4999999999997793, -107.05856239783998
2.509999999999779, -109.9858471452749
2.519999999999779, -112.97582376551017
2.5299999999997786, -116.02952209238701
2.5399999999997784, -119.14798167609986
2.549999999999778, -122.33225165876352
2.559999999999778, -125.58339064028169
2.569999999999778, -128.90246653419538
2.5799999999997776, -132.29055641318251
2.5899999999997774, -135.74874634387118
2.599999999999777, -139.27813121062127
2.609999999999777, -142.87981452792081
2.6199999999997767, -146.55490824103495
2.6299999999997765, -150.30453251453605
2.6399999999997763, -154.12981550833595
2.649999999999776, -158.03189314083102
2.659999999999776, -162.01190883876248
2.6699999999997757, -166.07101327338424
2.6799999999997755, -170.21036408252206
2.6899999999997752, -174.43112557809704
2.699999999999775, -178.73446843867734
2.709999999999775, -183.12156938661172
2.7199999999997746, -187.59361084928804
2.7299999999997744, -192.1517806040501
2.739999999999774, -196.79727140629487
2.749999999999774, -201.53128060026165
2.7599999999997737, -206.35500971201412
2.7699999999997735, -211.26966402410417
2.7799999999997733, -216.27645213139618
2.789999999999773, -221.37658547751795
2.799999999999773, -226.571277871393
2.8099999999997727, -231.86174498329683
2.8199999999997725, -237.24920381986902
2.8299999999997723, -242.73487217749758
2.839999999999772, -248.3199680734823
2.849999999999772, -254.00570915437086
2.8599999999997716, -259.7933120808454
2.8699999999997714, -265.68399188852874
2.879999999999771, -271.6789613240615
2.889999999999771, -277.77943015579154
2.8999999999997708, -283.9866044584001
2.9099999999997705, -290.3016858707775
2.9199999999997703, -296.7258708264447
2.92999999999977, -303.2603497558051
2.93999999999977, -309.9063062594934
2.9499999999997697, -316.66491625207505
2.9599999999997695, -323.5373470753352
2.9699999999997693, -330.52475658037804
2.979999999999769, -337.628292177745
2.989999999999769, -344.8490898547415
2.9999999999997686, -352.18827315914814
3.0099999999997684, -359.6469521484733
3.019999999999768, -367.22622230389084
3.029999999999768, -374.92716340798603
3.0399999999997678, -382.75083838541843
3.0499999999997676, -390.6982921055927
3.0599999999997674, -398.7705501464081
3.069999999999767, -406.96861751814487
3.079999999999767, -415.29347734652134
3.0899999999997667, -423.7460895139423
3.0999999999997665, -432.3273892579383
3.1099999999997663, -441.03828572577584
3.119999999999766, -449.87966048420265
3.129999999999766, -458.8523659832693
3.1399999999997656, -467.95722397315023
3.1499999999997654, -477.19502387286855
3.159999999999765, -486.5665210898074
3.169999999999765, -496.0724352888698
3.179999999999765, -505.7134486101315
3.1899999999997646, -515.4902038338059
3.1999999999997644, -525.4033024913234
3.209999999999764, -535.453302921302
3.219999999999764, -545.6407182691697
3.2299999999997637, -555.966014429171
3.2399999999997635, -566.4296079274728
3.2499999999997633, -577.0318637450616
3.259999999999763, -587.7730930790973
3.269999999999763, -598.6535510413737
3.2799999999997627, -609.6734342925051
3.2899999999997624, -620.8328786104386
3.2999999999997622, -632.1319563918698
3.309999999999762, -643.5706740851125
3.319999999999762, -655.1489695529491
3.3299999999997616, -666.8667093639681
3.3399999999997614, -678.7236860108651
3.349999999999761, -690.7196150541639
3.359999999999761, -702.8541321897852
3.3699999999997607, -715.1267902388685
3.3799999999997605, -727.5370560582252
3.3899999999997603, -740.0843073697766
3.39999999999976, -752.7678295073046
3.40999999999976, -765.5868120788133
3.4199999999997597, -778.5403455427828
3.4299999999997595, -791.6274176965566
3.4399999999997593, -804.8469100750907
3.449999999999759, -818.197594258255
3.459999999999759, -831.6781280848588
3.4699999999997586, -845.2870517715384
3.4799999999997584, -859.0227839346227
3.489999999999758, -872.8836175130618
3.499999999999758, -886.8677155904779
3.5099999999997578, -900.9731071143678
3.5199999999997575, -915.197682510461
3.5299999999997573, -929.5391891902077
3.539999999999757, -943.9952269493438
3.549999999999757, -958.5632432554489
3.5599999999997567, -973.2405284223898
3.5699999999997565, -988.024210669508
3.5799999999997563, -1002.911251063387
3.589999999999756, -1017.8984383399994
3.599999999999756, -1032.9823836050125
3.6099999999997556, -1048.1595149099967
3.6199999999997554, -1063.4260717022546
3.629999999999755, -1078.77809914596
3.639999999999755, -1094.2114423122664
3.6499999999997548, -1109.7217402360163
3.6599999999997546, -1125.304419836652
3.6699999999997543, -1140.9546897009031
3.679999999999754, -1156.6675337247939
3.689999999999754, -1172.437704612487
3.6999999999997537, -1188.25971722945
3.7099999999997535, -1204.1278418074046
3.7199999999997533, -1220.0360969984872
3.729999999999753, -1235.978242776023
3.739999999999753, -1251.9477731792892
3.7499999999997526, -1267.9379088996097
3.7599999999997524, -1283.9415897051033
3.769999999999752, -1299.951466701371
3.779999999999752, -1315.9598944253908
3.789999999999752, -1331.9589227698514
3.7999999999997516, -1347.9402887351364
3.8099999999997514, -1363.895408006142
3.819999999999751, -1379.8153663510807
3.829999999999751, -1395.6909108394098
3.8399999999997507, -1411.51244087598
3.8499999999997505, -1427.269999048492
3.8599999999997503, -1442.9532617853145
3.86999999999975, -1458.5515298206917
3.87999999999975, -1474.0537184643554
3.8899999999997497, -1489.4483476725195
3.8999999999997494, -1504.7235319172241
3.9099999999997492, -1519.8669698509666
3.919999999999749, -1534.8659337635406
3.929999999999749, -1549.7072588279832
3.9399999999997486, -1564.3773321325034
3.9499999999997484, -1578.862081495258
3.959999999999748, -1593.146964058813
3.969999999999748, -1607.2169546611115
3.9799999999997477, -1621.056533979762
3.9899999999997475, -1634.6496764464314
3.9999999999997473, -1647.979837928122
4.0099999999997475, -1661.0299431720978
4.019999999999747, -1673.7823730112004
4.029999999999747, -1686.2189513263093
4.039999999999747, -1698.320931762656
4.049999999999747, -1710.0689841967196
4.0599999999997465, -1721.4431809504142
4.069999999999746, -1732.4229827492704
4.079999999999746, -1742.9872244213054
4.089999999999746, -1753.1141003332787
4.099999999999746, -1762.7811495610263
4.109999999999745, -1771.9652407905594
4.119999999999745, -1780.6425569466176
4.129999999999745, -1788.788579545377
4.139999999999745, -1796.378072768001
4.149999999999745, -1803.3850672517426
4.159999999999744, -1809.782843595302
4.169999999999744, -1815.5439155751678
4.179999999999744, -1820.640013069663
4.189999999999744, -1825.042064687448
4.1999999999997435, -1828.720180097235
4.209999999999743, -1831.6436320554983
4.219999999999743, -1833.7808381289694
4.229999999999743, -1835.09934210875
4.239999999999743, -1835.5657951128753
4.249999999999742, -1835.1459363742126
4.259999999999742, -1833.8045737105942
4.269999999999742, -1831.5055636741183
4.279999999999742, -1828.2117913765967
4.289999999999742, -1823.885149988157
4.299999999999741, -1818.4865199060523
4.309999999999741, -1811.9757475907782
4.319999999999741, -1804.3116240666432
4.329999999999741, -1795.4518630839862
4.3399999999997405, -1785.3530789402996
4.34999999999974, -1773.9707639575659
4.35999999999974, -1761.2592656131778
4.36999999999974, -1747.1717633218861
4.37999999999974, -1731.6602448662836
4.389999999999739, -1714.6754824733976
4.399999999999739, -1696.1670085350693
4.409999999999739, -1676.0830909698436
4.419999999999739, -1654.3707082242126
4.429999999999739, -1630.9755239111228
4.439999999999738, -1605.8418610837693
4.449999999999738, -1578.912676142791
4.459999999999738, -1550.1295323750842
4.469999999999738, -1519.4325731225747
4.4799999999997375, -1486.7604945793928
4.489999999999737, -1452.0505182160177
4.499999999999737, -1415.2383628290966
4.509999999999737, -1376.2582162157566
4.519999999999737, -1335.042706471384
4.5299999999997365, -1291.5228729099822
4.539999999999736, -1245.6281366063633
4.549999999999736, -1197.286270559604
4.559999999999736, -1146.4233694773368
4.569999999999736, -1092.9638191806387
4.579999999999735, -1036.8302656294404
4.589999999999735, -977.9435835685758
4.599999999999735, -916.2228447947747
4.609999999999735, -851.5852860451031
4.6199999999997345, -783.9462765075673
4.629999999999734, -713.2192849548027
4.639999999999734, -639.3158465020006
4.649999999999734, -562.1455289904532
4.659999999999734, -481.6158989983337
4.6699999999997335, -397.6324874805864
4.679999999999733, -310.0987550400461
4.689999999999733, -218.9160568321851
4.699999999999733, -123.98360710615424
4.709999999999733, -25.19844338507401
4.719999999999732, 77.54460971117355
4.729999999999732, 184.35297699709514
4.739999999999732, 295.33636960280506
4.749999999999732, 410.6068222011116
4.759999999999732, 530.2787305759317
4.769999999999731, 654.4688895271457
4.779999999999731, 783.2965311066412
4.789999999999731, 916.8833631799241
4.799999999999731, 1055.3536083072893
4.8099999999997305, 1198.834042938143
4.81999999999973, 1347.454036911665
4.82999999999973, 1501.345593256569
4.83999999999973, 1660.6433882822844
4.84999999999973, 1825.4848119534404
4.859999999999729, 1996.010008539054
4.869999999999729, 2172.3619175273575
4.879999999999729, 2354.6863147967065
4.889999999999729, 2543.1318540324946
4.899999999999729, 2737.8501083794804
4.909999999999728, 2938.995612318403
4.919999999999728, 3146.7259037551844
4.929999999999728, 3361.2015663104767
4.939999999999728, 3582.5862717966916
4.9499999999997275, 3811.046822869065
4.959999999999727, 4046.7531958366862
4.969999999999727, 4289.878583618762
4.979999999999727, 4540.599438830747
4.989999999999727, 4799.0955169842955
4.999999999999726, 5065.54991978425
5.009999999999726, 5340.149138505237
5.019999999999726, 5623.083097429639
5.029999999999726, 5914.545197327987
5.039999999999726, 6214.732358962024
5.049999999999725, 6523.845066589916
5.059999999999725, 6842.0874114522285
5.069999999999725, 7169.667135216472
5.079999999999725, 7506.7956733571355
5.0899999999997245, 7853.6881984472575
5.099999999999724, 8210.563663336658
5.109999999999724, 8577.644844190978
5.119999999999724, 8955.158383364831
5.129999999999724, 9343.334832081206
5.1399999999997235, 9742.408692888426
5.149999999999723, 10152.618461864797
5.159999999999723, 10574.206670540074
5.169999999999723, 11007.419927501784
5.179999999999723, 11452.508959653278
5.189999999999722, 11909.728653089292
5.199999999999722, 12379.338093553552
5.209999999999722, 12861.600606441823
5.219999999999722, 13356.783796312517
5.2299999999997215, 13865.159585865666
5.239999999999721, 14387.004254349891
5.249999999999721, 14922.598475355519
5.259999999999721, 15472.227353950719
5.269999999999721, 16036.180463116132
5.2799999999997205, 16614.75187943198
5.28999999999972, 17208.24021797023
5.29999999999972, 17816.948666342832
5.30999999999972, 18441.185017855583
5.31999999999972, 19081.26170371551
5.329999999999719, 19737.4958242381
5.339999999999719, 20410.20917899907
5.349999999999719, 21099.728295873632
5.359999999999719, 21806.3844589045
5.3699999999997186, 22530.513734938133
5.379999999999718, 23272.45699896692
5.389999999999718, 24032.559958113026
5.399999999999718, 24811.173174187945
5.409999999999718, 25608.652084759662
5.4199999999997175, 26425.35702265749
5.429999999999717, 27261.653233842535
5.439999999999717, 28117.91089356969
5.449999999999717, 28994.505120765007
5.459999999999717, 29891.815990540017
5.469999999999716, 30810.22854476248
5.479999999999716, 31750.132800600688
5.489999999999716, 32711.92375695612
5.499999999999716, 33696.001398697146
5.509999999999716, 34702.770698603556
5.519999999999715, 35732.641616929795
5.529999999999715, 36786.02909849189
5.539999999999715, 37863.3530671806
5.549999999999715, 38965.0384178007
5.5599999999997145, 40091.51500513372
5.569999999999714, 41243.21763011847
5.579999999999714, 42420.58602304121
5.589999999999714, 43624.06482362417
5.599999999999714, 44854.10355789856
5.609999999999713, 46111.1566117448
5.619999999999713, 47395.68320098006
5.629999999999713, 48708.147337869945
5.639999999999713, 50049.01779393799
5.649999999999713, 51418.768058943395
5.659999999999712, 52817.876295894275
5.669999999999712, 54246.825291960165
5.679999999999712, 55706.1024051443
5.689999999999712, 57196.199506572535
5.6999999999997115, 58717.61291825222
5.709999999999711, 60270.84334615103
5.719999999999711, 61856.39580844151
5.729999999999711, 63474.77955875391
5.739999999999711, 65126.50800427548
5.7499999999997105, 66812.09861853115
5.75999999999971, 68532.07284867577
5.76999999999971, 70286.95601712477
5.77999999999971, 72077.27721734524
5.78999999999971, 73903.569203626
5.799999999999709, 75766.36827464009
5.809999999999709, 77666.2141506095
5.819999999999709, 79603.6498438771
5.829999999999709, 81579.22152268585
5.8399999999997085, 83593.47836796205
5.849999999999708, 85646.97242289268
5.859999999999708, 87740.2584350843
5.869999999999708, 89873.89369108409
5.879999999999708, 92048.43784304018
5.8899999999997075, 94264.45272727264
5.899999999999707, 96522.50217452113
5.909999999999707, 98823.1518116309
5.919999999999707, 101166.96885443252
5.929999999999707, 103554.52189156588
5.939999999999706, 105986.38065899344
5.949999999999706, 108463.11580494177
5.959999999999706, 110985.29864500534
5.969999999999706, 113553.50090713995
5.9799999999997056, 116168.2944662682
5.989999999999705, 118830.25106821235
5.999999999999705, 121539.94204266513
6.009999999999705, 124297.93800490139
6.019999999999705, 127104.80854592868
6.0299999999997045, 129961.12191076737
6.039999999999704, 132867.44466454478
6.049999999999704, 135824.34134608143
6.059999999999704, 138832.37410864068
6.069999999999704, 141892.10234750572
6.079999999999703, 145004.08231404214
6.089999999999703, 148168.86671589574
6.099999999999703, 151387.00430296984
6.109999999999703, 154659.0394388173
6.119999999999703, 157985.51165707677
6.129999999999702, 161366.95520257423
6.139999999999702, 164803.89855670332
6.149999999999702, 168296.8639466912
6.159999999999702, 171846.3668383477
6.1699999999997015, 175452.91541188813
6.179999999999701, 179117.01002041288
6.189999999999701, 182839.142630617
6.199999999999701, 186619.79624529663
6.209999999999701, 190459.44430720975
6.2199999999997, 194358.55008384012
6.2299999999997, 198317.56603260522
6.2399999999997, 202336.9331460402
6.2499999999997, 206417.080276481
6.2599999999997, 210558.42343976005
6.269999999999699, 214761.3650974206
6.279999999999699, 219026.29341694486
6.289999999999699, 223353.58150948278
6.299999999999699, 227743.58664455896
6.3099999999996985, 232196.64944122455
6.319999999999698, 236713.09303511304
6.329999999999698, 241293.2222208475
6.339999999999698, 245937.3225692381
6.349999999999698, 250645.65951869776
6.3599999999996975, 255418.47744029478
6.369999999999697, 260255.9986758496
6.379999999999697, 265158.4225484745
6.389999999999697, 270125.9243449418
6.399999999999697, 275158.6542692587
6.409999999999696, 280256.7363668139
6.419999999999696, 285420.2674184505
6.429999999999696, 290649.31580381066
6.439999999999696, 295943.9203332837
6.4499999999996955, 301304.0890478804
6.459999999999695, 306729.7979863437
6.469999999999695, 312220.98991879565
6.479999999999695, 317777.5730462074
6.489999999999695, 323399.4196649691
6.4999999999996945, 329086.3647958243
6.509999999999694, 334838.204776421
6.519999999999694, 340654.69581672025
6.529999999999694, 346535.5525164909
6.539999999999694, 352480.4463441082
6.549999999999693, 358489.0040758584
6.559999999999693, 364560.8061949439
6.569999999999693, 370695.38524936704
6.579999999999693, 376892.2241678604
6.5899999999996925, 383150.75453301816
6.599999999999692, 389470.3548107699
6.609999999999692, 395850.34853532753
6.619999999999692, 402290.00244871987
6.629999999999692, 408788.5245940197
6.6399999999996915, 415345.06236135354
6.649999999999691, 421958.70048577106
6.659999999999691, 428628.4589960394
6.669999999999691, 435353.2911134124
6.679999999999691, 442132.08109941386
6.68999999999969, 448963.6420516594
6.69999999999969, 455846.7136467262
6.70999999999969, 462779.9598290724
6.71999999999969, 469761.9664449864
6.72999999999969, 476791.23882054095
6.739999999999689, 483866.1992825062
6.749999999999689, 490985.1846211686
6.759999999999689, 498146.4434939847
6.769999999999689, 505348.1337689864
6.7799999999996885, 512588.3198068426
6.789999999999688, 519864.96968046576
6.799999999999688, 527175.9523310406
6.809999999999688, 534519.0346593369
6.819999999999688, 541891.878551156
6.829999999999687, 549292.0378357478
6.839999999999687, 556716.9551760184
6.849999999999687, 564163.9588893394
6.859999999999687, 571630.2596977532
6.869999999999687, 579112.9474063569
6.879999999999686, 586608.9875086347
6.889999999999686, 594115.217717492
6.899999999999686, 601628.344420738
6.909999999999686, 609144.9390597434
6.9199999999996855, 616661.4344299912
6.929999999999685, 624174.1209022253
6.939999999999685, 631679.1425628889
6.949999999999685, 639172.4932725304
6.959999999999685, 646650.0126408443
6.9699999999996844, 654107.3819170039
6.979999999999684, 661540.1197939244
6.989999999999684, 668943.5781250917
6.999999999999684, 676312.9375525736
7.009999999999684, 683643.2030448222
7.019999999999683, 690929.1993428654
7.029999999999683, 698165.5663134712
7.039999999999683, 705346.7542078637
7.049999999999683, 712467.018824553
7.0599999999996825, 719520.4165748348
7.069999999999682, 726500.7994495068
7.079999999999682, 733401.8098853359
7.089999999999682, 740216.8755298025
7.099999999999682, 746939.2039026442
7.1099999999996815, 753561.7769527041
7.119999999999681, 760077.3455085875
7.129999999999681, 766478.4236216241
7.139999999999681, 772757.2827996189
7.149999999999681, 778905.9461298748
7.15999999999968, 784916.1822899638
7.16999999999968, 790779.4994447129
7.17999999999968, 796487.1390278699
7.18999999999968, 802030.069406911
7.1999999999996795, 807398.9794294421
7.209999999999679, 812584.2718496514
7.219999999999679, 817576.0566332584
7.229999999999679, 822364.1441394109
7.239999999999679, 826938.0381779746
7.2499999999996785, 831286.9289406614
7.259999999999678, 835399.6858044437
7.269999999999678, 839264.8500057015
7.279999999999678, 842870.6271835496
7.289999999999678, 846204.8797907965
7.299999999999677, 849255.1193709931
7.309999999999677, 852008.498700025
7.319999999999677, 854451.8037907149
7.329999999999677, 856571.4457589086
7.339999999999677, 858353.452549515
7.349999999999676, 859783.460520994
7.359999999999676, 860846.7058867817
7.369999999999676, 861528.0160121613
7.379999999999676, 861811.8005650948
7.3899999999996755, 861682.0425195487
7.399999999999675, 861122.2890098538
7.409999999999675, 860115.6420346616
7.419999999999675, 858644.7490090698
7.429999999999675, 856691.7931635153
7.439999999999674, 854238.4837880429
7.449999999999674, 851266.0463205877
7.459999999999674, 847755.212277924
7.469999999999674, 843686.2090279651
7.479999999999674, 839038.7494021164
7.489999999999673, 833792.0211464161
7.499999999999673, 827924.676210225
7.509999999999673, 821414.819871259
7.519999999999673, 814239.999695787
7.5299999999996725, 806377.1943328556
7.539999999999672, 797802.802141435
7.549999999999672, 788492.6296494196
7.559999999999672, 778421.879843459
7.569999999999672, 767565.1402886338
7.5799999999996714, 755896.3710770385
7.589999999999671, 743388.8926043794
7.599999999999671, 730015.3731737448
7.609999999999671, 715747.8164257554
7.619999999999671, 700557.5485943577
7.62999999999967, 684415.2055875815
7.63999999999967, 667290.7198926354
7.64999999999967, 649153.3073047859
7.65999999999967, 629971.4534795206
7.6699999999996695, 609712.9003075676
7.679999999999669, 588344.6321124164
7.689999999999669, 565832.8616700515
7.699999999999669, 542143.0160506936
7.709999999999669, 517239.72228241723
7.7199999999996685, 491086.7928366
7.729999999999668, 463647.2109352421
7.739999999999668, 434883.1156802856
7.749999999999668, 404755.78700515593
7.759999999999668, 373225.6304488435
7.769999999999667, 340252.1617529439
7.779999999999667, 305793.9912821805
7.789999999999667, 269808.80826903903
7.799999999999667, 232253.36488325737
7.8099999999996665, 193083.4601270287
7.819999999999666, 152253.92355689663
7.829999999999666, 109718.59883344635
7.839999999999666, 65430.3271000229
7.849999999999666, 19340.93019184362
7.8599999999996655, -28598.806322992452
7.869999999999665, -78439.15026895072
7.879999999999665, -130231.44015316817
7.889999999999665, -184028.10261827402
7.899999999999665, -239882.6700558181
7.909999999999664, -297849.7983780386
7.919999999999664, -357985.2849455311
7.929999999999664, -420346.0866482072
7.939999999999664, -484990.3381367523
7.949999999999664, -551977.3702016027
7.959999999999663, -621367.7282962758
7.969999999999663, -693223.191201686
7.979999999999663, -767606.789827873
7.989999999999663, -844582.8261493664
7.9999999999996625, -924216.8922701841
8.009999999999662, -1006575.8896142455
8.019999999999662, -1091728.0482367466
8.029999999999662, -1179742.9462518091
8.039999999999662, -1270691.5293714667
8.049999999999661, -1364646.1305508057
8.059999999999661, -1461680.4897338124
8.069999999999661, -1561869.773694216
8.07999999999966, -1665290.5959653377
8.08999999999966, -1772021.0368526787
8.09999999999966, -1882140.6635226829
8.10999999999966, -1995730.5501608101
8.11999999999966, -2112873.2981917583
8.12999999999966, -2233653.0565543394
8.13999999999966, -2358155.542023203
8.14999999999966, -2486468.0595692536
8.159999999999659, -2618679.5227502747
8.169999999999659, -2754880.474122914
8.179999999999659, -2895163.1056668116
8.189999999999658, -3039621.2792112967
8.199999999999658, -3188350.54685468
8.209999999999658, -3341448.1713657794
8.219999999999658, -3499013.146556913
8.229999999999658, -3661146.217617173
8.239999999999657, -3827949.9013943747
8.249999999999657, -3999528.5066136247
8.259999999999657, -4175988.154020017
8.269999999999657, -4357436.796432489
8.279999999999657, -4543984.2386954045
8.289999999999656, -4735742.157513953
8.299999999999656, -4932824.121158917
8.309999999999656, -5135345.609025925
8.319999999999656, -5343424.031033672
8.329999999999655, -5557178.746845173
8.339999999999655, -5776731.084895464
8.349999999999655, -6002204.361208661
8.359999999999655, -6233723.897986677
8.369999999999655, -6471417.041951313
8.379999999999654, -6715413.182420837
8.389999999999654, -6965843.7691015275
8.399999999999654, -7222842.329574034
8.409999999999654, -7486544.48645373
8.419999999999654, -7757087.9742036
8.429999999999653, -8034612.655577464
8.439999999999653, -8319260.537670705
8.449999999999653, -8611175.787554873
8.459999999999653, -8910504.747471873
8.469999999999652, -9217395.949562617
8.479999999999652, -9532000.130104337
8.489999999999652, -9854470.243229844
8.499999999999652, -1.0184961474101366E7
8.509999999999652, -1.052363125151061E7
8.519999999999651, -1.0870639259875953E7
8.529999999999651, -1.1226147450606778E7
8.539999999999651, -1.159032005280405E7
8.54999999999965, -1.1963323583265375E7
8.55999999999965, -1.23453268557618E7
8.56999999999965, -1.2736500989552714E7
8.57999999999965, -1.3137019417104235E7
8.58999999999965, -1.3547057890975408E7
8.59999999999965, -1.3966794489835666E7
8.60999999999965, -1.4396409623575816E7
8.61999999999965, -1.4836086037473857E7
8.629999999999649, -1.528600881537585E7
8.639999999999649, -1.5746365381850867E7
8.649999999999649, -1.6217345503278056E7
8.659999999999648, -1.6699141287822573E7
8.669999999999648, -1.7191947184256088E7
8.679999999999648, -1.769595997957618E7
8.689999999999648, -1.821137879537798E7
8.699999999999648, -1.873840508292985E7
8.709999999999647, -1.9277242616903912E7
8.719999999999647, -1.98280974877107E7
8.729999999999647, -2.0391178092385966E7
8.739999999999647, -2.0966695123976383E7
8.749999999999647, -2.1554861559369337E7
8.759999999999646, -2.2155892645510677E7
8.769999999999646, -2.277000588395292E7
8.779999999999646, -2.3397421013674736E7
8.789999999999646, -2.4038359992111184E7
8.799999999999645, -2.469304697433259E7
8.809999999999645, -2.5361708290308446E7
8.819999999999645, -2.6044572420190882E7
8.829999999999645, -2.6741869967551045E7
8.839999999999645, -2.7453833630499586E7
8.849999999999644, -2.818069817062115E7
8.859999999999644, -2.8922700379650753E7
8.869999999999644, -2.9680079043818414E7
8.879999999999644, -3.0453074905786365E7
8.889999999999644, -3.1241930624101546E7
8.899999999999643, -3.204689073008407E7
8.909999999999643, -3.2868201582070544E7
8.919999999999643, -3.370611131692917E7
8.929999999999643, -3.456086979876152E7
8.939999999999642, -3.543272856470389E7
8.949999999999642, -3.632194076773925E7
8.959999999999642, -3.722876111642844E7
8.969999999999642, -3.8153445811467305E7
8.979999999999642, -3.9096252478974335E7
8.989999999999641, -4.005744010041107E7
8.999999999999641, -4.103726893903538E7
9.009999999999641, -4.203600046278531E7
9.01999999999964, -4.3053897263489045E7
9.02999999999964, -4.409122297229402E7
9.03999999999964, -4.514824217120594E7
9.04999999999964, -4.622522030062583E7
9.05999999999964, -4.7322423562771015E7
9.06999999999964, -4.844011882086307E7
9.07999999999964, -4.957857349396359E7
9.08999999999964, -5.0738055447335616E7
9.099999999999639, -5.191883287820608E7
9.109999999999639, -5.312117419680208E7
9.119999999999639, -5.4345347902530625E7
9.129999999999638, -5.5591622455169186E7
9.139999999999638, -5.686026614093101E7
9.149999999999638, -5.8151546933266774E7
9.159999999999638, -5.946573234826075E7
9.169999999999638, -6.0803089294477224E7
9.179999999999637, -6.2163883917109E7
9.189999999999637, -6.354838143627781E7
9.199999999999637, -6.4956845979332395E7
9.209999999999637, -6.638954040698745E7
9.219999999999636, -6.78467261331429E7
9.229999999999636, -6.932866293822013E7
9.239999999999636, -7.083560877584827E7
9.249999999999636, -7.236781957273003E7
9.259999999999636, -7.39255490215136E7
9.269999999999635, -7.550904836649327E7
9.279999999999635, -7.711856618195792E7
9.289999999999635, -7.875434814300318E7
9.299999999999635, -8.041663678861925E7
9.309999999999635, -8.210567127686234E7
9.319999999999634, -8.38216871319148E7
9.329999999999634, -8.556491598283413E7
9.339999999999634, -8.733558529378824E7
9.349999999999634, -8.913391808556928E7
9.359999999999634, -9.096013264817584E7
9.369999999999633, -9.281444224424754E7
9.379999999999633, -9.469705480313376E7
9.389999999999633, -9.660817260537253E7
9.399999999999633, -9.854799195735268E7
9.409999999999632, -1.0051670285592712E8
9.419999999999632, -1.0251448864274168E8
9.429999999999632, -1.0454152564803866E8
9.439999999999632, -1.065979828236907E8
9.449999999999632, -1.0868402136521591E8
9.459999999999631, -1.1079979432251973E8
9.469999999999631, -1.1294544619910614E8
9.479999999999631, -1.1512111253949459E8
9.48999999999963, -1.1732691950457536E8
9.49999999999963, -1.1956298343463069E8
9.50999999999963, -1.2182941039974487E8
9.51999999999963, -1.241262957373208E8
9.52999999999963, -1.2645372357641631E8
9.53999999999963, -1.2881176634860845E8
9.54999999999963, -1.3120048428508851E8
9.55999999999963, -1.3361992489968598E8
9.569999999999629, -1.360701224575143E8
9.579999999999629, -1.38551097428926E8
9.589999999999629, -1.4106285592845985E8
9.599999999999628, -1.43605389138457E8
9.609999999999628, -1.4617867271701816E8
9.619999999999628, -1.487826661899681E8
9.629999999999628, -1.5141731232648858E8
9.639999999999628, -1.540825364980755E8
9.649999999999627, -1.5677824602046937E8
9.659999999999627, -1.59504329478205E8
9.669999999999627, -1.622606560314176E8
9.679999999999627, -1.6504707470453966E8
9.689999999999626, -1.67863413656515E8
9.699999999999626, -1.7070947943215245E8
9.709999999999626, -1.735850561942343E8
9.719999999999626, -1.7648990493598998E8
9.729999999999626, -1.794237626735381E8
9.739999999999625, -1.823863416178964E8
9.749999999999625, -1.8537732832615042E8
9.759999999999625, -1.8839638283136728E8
9.769999999999625, -1.9144313775083527E8
9.779999999999625, -1.945171973722024E8
9.789999999999624, -1.9761813671708238E8
9.799999999999624, -2.007455005816888E8
9.809999999999624, -2.0389880255405456E8
9.819999999999624, -2.0707752400738412E8
9.829999999999623, -2.1028111306908265E8
9.839999999999623, -2.135089835649991E8
9.849999999999623, -2.1676051393841264E8
9.859999999999623, -2.2003504614328763E8
9.869999999999623, -2.2333188451131484E8
9.879999999999622, -2.266502945922502E8
9.889999999999622, -2.299895019670565E8
9.899999999999622, -2.33348691033347E8
9.909999999999622, -2.3672700376262337E8
9.919999999999622, -2.401235384287941E8
9.929999999999621, -2.435373483074532E8
9.939999999999621, -2.4696744034539255E8
9.949999999999621, -2.5041277379981542E8
9.95999999999962, -2.5387225884671086E8
9.96999999999962, -2.573447551578447E8
9.97999999999962, -2.60829070445814E8
9.98999999999962, -2.6432395897660774E8
9.99999999999962, -2.6782812004910833E8
10.00999999999962, -2.7134019644096386E8
10.01999999999962, -2.748587728202541E8
10.02999999999962, -2.7838237412236625E8
10.039999999999619, -2.81909463891493E8
10.049999999999619, -2.8543844258615476E8
10.059999999999619, -2.8896764584814763E8
10.069999999999618, -2.924953427343074E8
10.079999999999618, -2.9601973391047746E8
10.089999999999618, -2.9953894980706125E8
10.099999999999618, -3.0305104873553354E8
10.109999999999618, -3.065540149652809E8
10.119999999999617, -3.100457567601341E8
10.129999999999617, -3.1352410437395144E8
10.139999999999617, -3.169868080046046E8
10.149999999999617, -3.204315357057152E8
10.159999999999616, -3.23855871255484E8
10.169999999999616, -3.272573119819493E8
10.179999999999616, -3.306332665440069E8
10.189999999999616, -3.3398105266751826E8
10.199999999999616, -3.372978948358302E8
10.209999999999615, -3.4058092193402237E8
10.219999999999615, -3.438271648461971E8
10.229999999999615, -3.4703355400512034E8
10.239999999999615, -3.501969168935181E8
10.249999999999615, -3.5331397549633026E8
10.259999999999614, -3.563813437032179E8
10.269999999999614, -3.593955246606199E8
10.279999999999614, -3.62352908072646E8
10.289999999999614, -3.652497674500973E8
10.299999999999613, -3.6808225730689555E8
10.309999999999613, -3.708464103032047E8
10.319999999999613, -3.735381343345233E8
10.329999999999613, -3.761532095660257E8
10.339999999999613, -3.7868728541142565E8
10.349999999999612, -3.811358774556387E8
10.359999999999612, -3.8349436432051307E8
10.369999999999612, -3.8575798447290176E8
10.379999999999612, -3.8792183297434753E8
10.389999999999612, -3.899808581716487E8
10.399999999999611, -3.919298583275784E8
10.409999999999611, -3.9376347819102776E8
10.419999999999611, -3.954762055058424E8
10.42999999999961, -3.970623674576284E8
10.43999999999961, -3.9851612705779904E8
10.44999999999961, -3.998314794641388E8
10.45999999999961, -4.0100224823716587E8
10.46999999999961, -4.0202208153156984E8
10.47999999999961, -4.028844482220135E8
10.48999999999961, -4.0358263396258533E8
10.49999999999961, -4.041097371791945E8
10.509999999999609, -4.044586649942086E8
10.519999999999609, -4.046221290826331E8
10.529999999999609, -4.045926414591466E8
10.539999999999608, -4.043625101953015E8
10.549999999999608, -4.039238350662162E8
10.559999999999608, -4.032685031260879E8
10.569999999999608, -4.023881842118644E8
10.579999999999607, -4.012743263744214E8
10.589999999999607, -3.9991815123660356E8
10.599999999999607, -3.9831064927749693E8
10.609999999999607, -3.964425750423097E8
10.619999999999607, -3.9430444227725303E8
10.629999999999606, -3.918865189888248E8
10.639999999999606, -3.8917882242691237E8
10.649999999999606, -3.861711139911453E8
10.659999999999606, -3.828528940599433E8
10.669999999999606, -3.792133967417223E8
10.679999999999605, -3.752415845477364E8
10.689999999999605, -3.709261429860517E8
10.699999999999605, -3.662554750761693E8
10.709999999999605, -3.612176957838298E8
10.719999999999605, -3.558006263755571E8
10.729999999999604, -3.499917886925184E8
10.739999999999604, -3.437783993433004E8
10.749999999999604, -3.3714736381522703E8
10.759999999999604, -3.3008527050386864E8
10.769999999999603, -3.225783846604171E8
10.779999999999603, -3.146126422566321E8
10.789999999999603, -3.061736437670904E8
10.799999999999603, -2.972466478685003E8
10.809999999999603, -2.878165650558751E8
10.819999999999602, -2.7786795117539346E8
10.829999999999602, -2.6738500087380487E8
10.839999999999602, -2.5635154096427968E8
10.849999999999602, -2.447510237086345E8
10.859999999999602, -2.3256652001590663E8
10.869999999999601, -2.1978071255728844E8
10.879999999999601, -2.063758887974767E8
10.8899999999996, -1.92333933942533E8
10.8999999999996, -1.776363238043976E8
10.9099999999996, -1.622641175822471E8
10.9199999999996, -1.4619795056093085E8
10.9299999999996, -1.2941802672677645E8
10.9399999999996, -1.1190411130110352E8
10.9499999999996, -9.363552319183943E7
10.9599999999996, -7.459112736368842E7
10.9699999999996, -5.474932712736221E7
10.979999999999599, -3.408805634844073E7
10.989999999999599, -1.2584771576494362E7
10.999999999999599, 9783555.904836882
11.009999999999598, 3.3040448106044687E7
11.019999999999598, 5.720992843740304E7
11.029999999999598, 8.231652989116512E7
11.039999999999598, 1.0838530329933006E8
11.049999999999597, 1.3544182566592652E8
11.059999999999597, 1.6351220857268146E8
11.069999999999597, 1.9262310665686128E8
11.079999999999597, 2.2280172615998802E8
11.089999999999597, 2.5407583354604685E8
11.099999999999596, 2.864737641877115E8
11.109999999999596, 3.200244311190223E8
11.119999999999596, 3.5475733385285497E8
11.129999999999596, 3.907025672614216E8
11.139999999999596, 4.2789083051794386E8
11.149999999999595, 4.663534360975301E8
11.159999999999595, 5.0612231883518904E8
11.169999999999595, 5.4723004503879E8
11.179999999999595, 5.897098216546775E8
11.189999999999594, 6.3359550548352E8
11.199999999999594, 6.789216124438579E8
11.209999999999594, 7.25723326880689E8
11.219999999999594, 7.740365109163002E8
11.229999999999594, 8.23897713840422E8
11.239999999999593, 8.753441815366505E8
11.249999999999593, 9.284138659419333E8
11.259999999999593, 9.8314543453578E8
11.269999999999593, 1.0395782798557042E9
11.279999999999593, 1.0977525290352552E9
11.289999999999592, 1.157709053360837E9
11.299999999999592, 1.2194894778433578E9
11.309999999999592, 1.2831361908005755E9
11.319999999999592, 1.3486923534458525E9
11.329999999999592, 1.4162019094788406E9
11.339999999999591, 1.4857095946734467E9
11.349999999999591, 1.5572609464582474E9
11.35999999999959, 1.630902313484322E9
11.36999999999959, 1.7066808651752894E9
11.37999999999959, 1.784644601254126E9
11.38999999999959, 1.8648423612411447E9
11.39999999999959, 1.9473238339172957E9
11.40999999999959, 2.0321395667467427E9
11.41999999999959, 2.1193409752524414E9
11.42999999999959, 2.2089803523382173E9
11.43999999999959, 2.30111087755062E9
11.449999999999589, 2.3957866262735696E9
11.459999999999589, 2.4930625788485875E9
11.469999999999589, 2.5929946296131387E9
11.479999999999588, 2.6956395958493643E9
11.489999999999588, 2.801055226635203E9
11.499999999999588, 2.90930021158965E9
11.509999999999588, 3.020434189503611E9
11.519999999999587, 3.134517756847522E9
11.529999999999587, 3.251612476146622E9
11.539999999999587, 3.371780884214469E9
11.549999999999587, 3.4950865002349696E9
11.559999999999587, 3.6215938336828847E9
11.569999999999586, 3.7513683920724764E9
11.579999999999586, 3.8844766885235863E9
11.589999999999586, 4.0209862491341314E9
11.599999999999586, 4.1609656201476655E9
11.609999999999586, 4.304484374904265E9
11.619999999999585, 4.451613120562678E9
11.629999999999585, 4.602423504581268E9
11.639999999999585, 4.756988220944943E9
11.649999999999585, 4.915381016124843E9
11.659999999999584, 5.077676694757167E9
11.669999999999584, 5.243951125027148E9
11.679999999999584, 5.414281243743719E9
11.689999999999584, 5.588745061090021E9
11.699999999999584, 5.767421665034478E9
11.709999999999583, 5.950391225386687E9
11.719999999999583, 6.137734997481956E9
11.729999999999583, 6.329535325477823E9
11.739999999999583, 6.5258756452454605E9
11.749999999999583, 6.726840486838319E9
11.759999999999582, 6.932515476519951E9
11.769999999999582, 7.142987338332382E9
11.779999999999582, 7.358343895185913E9
11.789999999999582, 7.578674069450704E9
11.799999999999581, 7.804067883029942E9
11.809999999999581, 8.034616456893867E9
11.819999999999581, 8.270412010053327E9
11.82999999999958, 8.511547857951022E9
11.83999999999958, 8.758118410247913E9
11.84999999999958, 9.010219167981813E9
11.85999999999958, 9.267946720074389E9
11.86999999999958, 9.53139873916236E9
11.87999999999958, 9.800673976727903E9
11.88999999999958, 1.0075872257502697E10
11.89999999999958, 1.0357094473119333E10
11.90999999999958, 1.0644442574983204E10
11.919999999999579, 1.0938019566337202E10
11.929999999999579, 1.1237929493490925E10
11.939999999999579, 1.1544277436185366E10
11.949999999999578, 1.185716949706323E10
11.959999999999578, 1.2176712790214474E10
11.969999999999578, 1.2503015428765636E10
11.979999999999578, 1.2836186511481016E10
11.989999999999577, 1.3176336108342747E10
11.999999999999577, 1.352357524507613E10
